ID,Wavelength,Value,Dark,Reference,Sex,Species 
MYAU1,250,0.000227,0.000025,0.000794,M,MYAU
MYAU1,251,0.000215,0.000015,0.000995,M,MYAU
MYAU1,252,0.000404,0.000038,0.00095,M,MYAU
MYAU1,253,0.000155,0,0.001201,M,MYAU
MYAU1,254,0.000284,0.000024,0.001071,M,MYAU
MYAU1,255,0.000188,0,0.000886,M,MYAU
MYAU1,256,0.000211,0,0.001036,M,MYAU
MYAU1,257,0.000266,0,0.000956,M,MYAU
MYAU1,258,0.000382,0,0.001241,M,MYAU
MYAU1,259,0.000314,0.000023,0.001148,M,MYAU
MYAU1,260,0.000356,0,0.001109,M,MYAU
MYAU1,261,0.000474,0.000049,0.001291,M,MYAU
MYAU1,262,0.000343,0.000042,0.001311,M,MYAU
MYAU1,263,0.000306,0,0.001602,M,MYAU
MYAU1,264,0.000397,0.000021,0.001493,M,MYAU
MYAU1,265,0.000472,0.00004,0.001787,M,MYAU
MYAU1,266,0.000479,0.000019,0.001514,M,MYAU
MYAU1,267,0.00027,0,0.00137,M,MYAU
MYAU1,268,0.000511,0,0.001793,M,MYAU
MYAU1,269,0.000329,0,0.001589,M,MYAU
MYAU1,270,0.000618,0.00021,0.002368,M,MYAU
MYAU1,271,0.000992,0.000052,0.002461,M,MYAU
MYAU1,272,0.000476,0.000007,0.001976,M,MYAU
MYAU1,273,0.000362,0,0.001657,M,MYAU
MYAU1,274,0.000634,0,0.001966,M,MYAU
MYAU1,275,0.001139,0.000104,0.002223,M,MYAU
MYAU1,276,0.000748,0,0.002627,M,MYAU
MYAU1,277,0.000558,0,0.00263,M,MYAU
MYAU1,278,0.000605,0.000053,0.002075,M,MYAU
MYAU1,279,0.000541,0,0.002155,M,MYAU
MYAU1,280,0.000551,0,0.001963,M,MYAU
MYAU1,281,0.000589,0.000023,0.002505,M,MYAU
MYAU1,282,0.00048,0,0.002376,M,MYAU
MYAU1,283,0.000407,0.000057,0.002621,M,MYAU
MYAU1,284,0.000652,0,0.002451,M,MYAU
MYAU1,285,0.000889,0.000004,0.003215,M,MYAU
MYAU1,286,0.000453,0,0.002375,M,MYAU
MYAU1,287,0.000802,0,0.002881,M,MYAU
MYAU1,288,0.000631,0,0.002778,M,MYAU
MYAU1,289,0.000684,0,0.002846,M,MYAU
MYAU1,290,0.000849,0,0.003035,M,MYAU
MYAU1,291,0.00079,0,0.00267,M,MYAU
MYAU1,292,0.000729,0,0.00276,M,MYAU
MYAU1,293,0.000782,0,0.002919,M,MYAU
MYAU1,294,0.001358,0,0.003256,M,MYAU
MYAU1,295,0.000743,0,0.002732,M,MYAU
MYAU1,296,0.000245,0,0.003189,M,MYAU
MYAU1,297,0.001047,0.000065,0.003579,M,MYAU
MYAU1,298,0.001267,0.000082,0.003477,M,MYAU
MYAU1,299,0.000671,0,0.003335,M,MYAU
MYAU1,300,0.00136,0,0.003622,M,MYAU
MYAU1,301,0.000716,0,0.003132,M,MYAU
MYAU1,302,0.000619,0,0.003067,M,MYAU
MYAU1,303,0.000956,0.000198,0.003306,M,MYAU
MYAU1,304,0.001135,0,0.003438,M,MYAU
MYAU1,305,0.001718,0.00008,0.003522,M,MYAU
MYAU1,306,0.0007,0,0.003384,M,MYAU
MYAU1,307,0.00088,0,0.003625,M,MYAU
MYAU1,308,0.001885,0.000246,0.003572,M,MYAU
MYAU1,309,0.001053,0.000119,0.003595,M,MYAU
MYAU1,310,0.000802,0.000304,0.003819,M,MYAU
MYAU1,311,0.000773,0,0.003608,M,MYAU
MYAU1,312,0.000735,0,0.003495,M,MYAU
MYAU1,313,0.00083,0.000041,0.003735,M,MYAU
MYAU1,314,0.000978,0,0.003993,M,MYAU
MYAU1,315,0.001156,0,0.003669,M,MYAU
MYAU1,316,0.000956,0,0.003618,M,MYAU
MYAU1,317,0.000975,0,0.003537,M,MYAU
MYAU1,318,0.00106,0.000138,0.003847,M,MYAU
MYAU1,319,0.000794,0,0.003507,M,MYAU
MYAU1,320,0.000611,0,0.003584,M,MYAU
MYAU1,321,0.000885,0,0.003517,M,MYAU
MYAU1,322,0.001168,0,0.003737,M,MYAU
MYAU1,323,0.00095,0,0.003563,M,MYAU
MYAU1,324,0.000983,0,0.003538,M,MYAU
MYAU1,325,0.001166,0.000157,0.003949,M,MYAU
MYAU1,326,0.000692,0,0.003423,M,MYAU
MYAU1,327,0.00076,0,0.003502,M,MYAU
MYAU1,328,0.000952,0,0.003718,M,MYAU
MYAU1,329,0.000838,0,0.003514,M,MYAU
MYAU1,330,0.001139,0,0.003802,M,MYAU
MYAU1,331,0.000918,0,0.00385,M,MYAU
MYAU1,332,0.000927,0.000095,0.003725,M,MYAU
MYAU1,333,0.001212,0,0.004177,M,MYAU
MYAU1,334,0.001451,0,0.003936,M,MYAU
MYAU1,335,0.001173,0,0.003879,M,MYAU
MYAU1,336,0.000747,0,0.003799,M,MYAU
MYAU1,337,0.000938,0,0.003964,M,MYAU
MYAU1,338,0.000858,0.000033,0.003996,M,MYAU
MYAU1,339,0.000855,0,0.004394,M,MYAU
MYAU1,340,0.001371,0.000046,0.00445,M,MYAU
MYAU1,341,0.001169,0.000083,0.004558,M,MYAU
MYAU1,342,0.000984,0,0.004446,M,MYAU
MYAU1,343,0.000872,0,0.004374,M,MYAU
MYAU1,344,0.001171,0.00007,0.004641,M,MYAU
MYAU1,345,0.001271,0.000008,0.004771,M,MYAU
MYAU1,346,0.001232,0,0.004977,M,MYAU
MYAU1,347,0.001259,0,0.004776,M,MYAU
MYAU1,348,0.001602,0.000135,0.004752,M,MYAU
MYAU1,349,0.001464,0,0.005097,M,MYAU
MYAU1,350,0.001105,0,0.004979,M,MYAU
MYAU1,351,0.001195,0.000028,0.005251,M,MYAU
MYAU1,352,0.001236,0,0.005783,M,MYAU
MYAU1,353,0.001486,0,0.006012,M,MYAU
MYAU1,354,0.001797,0.000023,0.005946,M,MYAU
MYAU1,355,0.001535,0,0.005929,M,MYAU
MYAU1,356,0.001606,0.000045,0.006256,M,MYAU
MYAU1,357,0.001665,0,0.006303,M,MYAU
MYAU1,358,0.00161,0.000167,0.006664,M,MYAU
MYAU1,359,0.001779,0,0.00682,M,MYAU
MYAU1,360,0.001737,0,0.006763,M,MYAU
MYAU1,361,0.00196,0,0.007545,M,MYAU
MYAU1,362,0.001785,0,0.007446,M,MYAU
MYAU1,363,0.001969,0,0.00848,M,MYAU
MYAU1,364,0.001855,0,0.008084,M,MYAU
MYAU1,365,0.001816,0,0.008073,M,MYAU
MYAU1,366,0.002565,0.000098,0.008833,M,MYAU
MYAU1,367,0.002222,0,0.009362,M,MYAU
MYAU1,368,0.002604,0,0.010008,M,MYAU
MYAU1,369,0.002673,0,0.010126,M,MYAU
MYAU1,370,0.003081,0.000173,0.011109,M,MYAU
MYAU1,371,0.003137,0.000057,0.012215,M,MYAU
MYAU1,372,0.003009,0.000012,0.012167,M,MYAU
MYAU1,373,0.00348,0,0.014136,M,MYAU
MYAU1,374,0.00389,0,0.015223,M,MYAU
MYAU1,375,0.003927,0,0.016783,M,MYAU
MYAU1,376,0.00455,0,0.018496,M,MYAU
MYAU1,377,0.005765,0,0.021777,M,MYAU
MYAU1,378,0.005635,0.000127,0.02325,M,MYAU
MYAU1,379,0.006381,0,0.026591,M,MYAU
MYAU1,380,0.008142,0,0.032341,M,MYAU
MYAU1,381,0.00873,0.000101,0.0354,M,MYAU
MYAU1,382,0.011054,0.000193,0.043464,M,MYAU
MYAU1,383,0.013536,0,0.053197,M,MYAU
MYAU1,384,0.016972,0.000008,0.066493,M,MYAU
MYAU1,385,0.018269,0,0.073046,M,MYAU
MYAU1,386,0.024766,0.000043,0.09749,M,MYAU
MYAU1,387,0.030302,0.000027,0.112897,M,MYAU
MYAU1,388,0.036168,0,0.136317,M,MYAU
MYAU1,389,0.045835,0,0.164331,M,MYAU
MYAU1,390,0.062244,0,0.217273,M,MYAU
MYAU1,391,0.072667,0.000107,0.248225,M,MYAU
MYAU1,392,0.094139,0,0.274046,M,MYAU
MYAU1,393,0.124834,0,0.317611,M,MYAU
MYAU1,394,0.134042,0.000001,0.300065,M,MYAU
MYAU1,395,0.177855,0,0.313995,M,MYAU
MYAU1,396,0.22445,0.000017,0.305636,M,MYAU
MYAU1,397,0.257826,0.000097,0.3068,M,MYAU
MYAU1,398,0.277893,0.000005,0.306606,M,MYAU
MYAU1,399,0.295102,0,0.306092,M,MYAU
MYAU1,400,0.295837,0,0.302656,M,MYAU
MYAU1,401,0.307439,0,0.307806,M,MYAU
MYAU1,402,0.298244,0,0.298602,M,MYAU
MYAU1,403,0.296702,0,0.297056,M,MYAU
MYAU1,404,0.294401,0.000206,0.29468,M,MYAU
MYAU1,405,0.294684,0,0.294964,M,MYAU
MYAU1,406,0.293836,0,0.294113,M,MYAU
MYAU1,407,0.294519,0,0.294871,M,MYAU
MYAU1,408,0.294439,0.000061,0.294792,M,MYAU
MYAU1,409,0.29655,0,0.296905,M,MYAU
MYAU1,410,0.29265,0,0.292927,M,MYAU
MYAU1,411,0.292389,0,0.292665,M,MYAU
MYAU1,412,0.290154,0,0.290428,M,MYAU
MYAU1,413,0.292168,0,0.292518,M,MYAU
MYAU1,414,0.289268,0.000122,0.289614,M,MYAU
MYAU1,415,0.290087,0.000048,0.290434,M,MYAU
MYAU1,416,0.291343,0,0.291692,M,MYAU
MYAU1,417,0.288709,0.000227,0.288982,M,MYAU
MYAU1,418,0.289288,0,0.289562,M,MYAU
MYAU1,419,0.288278,0,0.288551,M,MYAU
MYAU1,420,0.288543,0.000017,0.288887,M,MYAU
MYAU1,421,0.28769,0.000037,0.288034,M,MYAU
MYAU1,422,0.289429,0.000019,0.289775,M,MYAU
MYAU1,423,0.287623,0,0.287895,M,MYAU
MYAU1,424,0.289295,0,0.289569,M,MYAU
MYAU1,425,0.289499,0.000042,0.289773,M,MYAU
MYAU1,426,0.287167,0.000066,0.28751,M,MYAU
MYAU1,427,0.287818,0.000123,0.288162,M,MYAU
MYAU1,428,0.288246,0,0.288591,M,MYAU
MYAU1,429,0.285875,0,0.286216,M,MYAU
MYAU1,430,0.286877,0,0.287147,M,MYAU
MYAU1,431,0.285382,0,0.285651,M,MYAU
MYAU1,432,0.270954,0.000109,0.285794,M,MYAU
MYAU1,433,0.282279,0.00003,0.282616,M,MYAU
MYAU1,434,0.281308,0,0.282304,M,MYAU
MYAU1,435,0.272654,0,0.280731,M,MYAU
MYAU1,436,0.270364,0,0.279184,M,MYAU
MYAU1,437,0.227159,0,0.278446,M,MYAU
MYAU1,438,0.217416,0,0.278064,M,MYAU
MYAU1,439,0.207704,0,0.274483,M,MYAU
MYAU1,440,0.216186,0,0.27319,M,MYAU
MYAU1,441,0.177576,0,0.269568,M,MYAU
MYAU1,442,0.148203,0,0.263282,M,MYAU
MYAU1,443,0.153805,0,0.269298,M,MYAU
MYAU1,444,0.13479,0,0.265196,M,MYAU
MYAU1,445,0.121601,0,0.263897,M,MYAU
MYAU1,446,0.108621,0.000043,0.245646,M,MYAU
MYAU1,447,0.101664,0.000048,0.245762,M,MYAU
MYAU1,448,0.085917,0.000013,0.20829,M,MYAU
MYAU1,449,0.081329,0,0.196516,M,MYAU
MYAU1,450,0.076081,0.00009,0.1977,M,MYAU
MYAU1,451,0.062976,0,0.151181,M,MYAU
MYAU1,452,0.063235,0,0.167286,M,MYAU
MYAU1,453,0.059766,0,0.150802,M,MYAU
MYAU1,454,0.056321,0,0.14644,M,MYAU
MYAU1,455,0.052217,0,0.128938,M,MYAU
MYAU1,456,0.051043,0.000005,0.126498,M,MYAU
MYAU1,457,0.043132,0.000056,0.101382,M,MYAU
MYAU1,458,0.041835,0,0.1002,M,MYAU
MYAU1,459,0.040668,0,0.094254,M,MYAU
MYAU1,460,0.036887,0,0.08442,M,MYAU
MYAU1,461,0.034133,0.000065,0.075137,M,MYAU
MYAU1,462,0.032205,0,0.068247,M,MYAU
MYAU1,463,0.031546,0.000099,0.065726,M,MYAU
MYAU1,464,0.030083,0.000011,0.06143,M,MYAU
MYAU1,465,0.028689,0.000037,0.056392,M,MYAU
MYAU1,466,0.027869,0.000052,0.053882,M,MYAU
MYAU1,467,0.026835,0,0.050095,M,MYAU
MYAU1,468,0.025464,0,0.046033,M,MYAU
MYAU1,469,0.025011,0,0.043927,M,MYAU
MYAU1,470,0.024027,0,0.039913,M,MYAU
MYAU1,471,0.023559,0.000033,0.037618,M,MYAU
MYAU1,472,0.022168,0,0.033531,M,MYAU
MYAU1,473,0.022528,0,0.033332,M,MYAU
MYAU1,474,0.02162,0.000025,0.030073,M,MYAU
MYAU1,475,0.021334,0,0.027749,M,MYAU
MYAU1,476,0.02149,0,0.027023,M,MYAU
MYAU1,477,0.020014,0,0.023923,M,MYAU
MYAU1,478,0.019519,0,0.022311,M,MYAU
MYAU1,479,0.019761,0.000115,0.021668,M,MYAU
MYAU1,480,0.019361,0.000022,0.019921,M,MYAU
MYAU1,481,0.019207,0,0.018534,M,MYAU
MYAU1,482,0.018403,0,0.01715,M,MYAU
MYAU1,483,0.01837,0,0.016364,M,MYAU
MYAU1,484,0.018118,0,0.015475,M,MYAU
MYAU1,485,0.017636,0.000077,0.01428,M,MYAU
MYAU1,486,0.017409,0,0.013617,M,MYAU
MYAU1,487,0.017026,0,0.012732,M,MYAU
MYAU1,488,0.016825,0,0.01247,M,MYAU
MYAU1,489,0.016568,0.000046,0.011765,M,MYAU
MYAU1,490,0.016313,0.000034,0.011314,M,MYAU
MYAU1,491,0.016238,0.000006,0.01068,M,MYAU
MYAU1,492,0.015458,0.000071,0.009694,M,MYAU
MYAU1,493,0.015594,0,0.009905,M,MYAU
MYAU1,494,0.015042,0,0.009239,M,MYAU
MYAU1,495,0.014585,0,0.00884,M,MYAU
MYAU1,496,0.01473,0,0.008823,M,MYAU
MYAU1,497,0.014576,0.000031,0.008352,M,MYAU
MYAU1,498,0.013919,0.000013,0.007978,M,MYAU
MYAU1,499,0.01356,0.000057,0.007582,M,MYAU
MYAU1,500,0.013708,0,0.007679,M,MYAU
MYAU1,501,0.013431,0,0.007384,M,MYAU
MYAU1,502,0.0137,0.000017,0.007332,M,MYAU
MYAU1,503,0.013414,0,0.007175,M,MYAU
MYAU1,504,0.013323,0.000027,0.00708,M,MYAU
MYAU1,505,0.013072,0,0.006843,M,MYAU
MYAU1,506,0.013101,0,0.006828,M,MYAU
MYAU1,507,0.012947,0.000005,0.006754,M,MYAU
MYAU1,508,0.012933,0,0.006451,M,MYAU
MYAU1,509,0.013201,0,0.006432,M,MYAU
MYAU1,510,0.013232,0,0.006466,M,MYAU
MYAU1,511,0.013387,0,0.006261,M,MYAU
MYAU1,512,0.013155,0,0.006303,M,MYAU
MYAU1,513,0.012979,0,0.006121,M,MYAU
MYAU1,514,0.012834,0,0.005898,M,MYAU
MYAU1,515,0.013025,0,0.005876,M,MYAU
MYAU1,516,0.013011,0,0.005764,M,MYAU
MYAU1,517,0.013211,0,0.005882,M,MYAU
MYAU1,518,0.013022,0.000011,0.005633,M,MYAU
MYAU1,519,0.013077,0,0.005586,M,MYAU
MYAU1,520,0.013181,0,0.005573,M,MYAU
MYAU1,521,0.012971,0,0.005444,M,MYAU
MYAU1,522,0.013037,0,0.00548,M,MYAU
MYAU1,523,0.012865,0.000018,0.005377,M,MYAU
MYAU1,524,0.013034,0,0.0054,M,MYAU
MYAU1,525,0.012794,0.000003,0.005247,M,MYAU
MYAU1,526,0.012779,0,0.005194,M,MYAU
MYAU1,527,0.012685,0,0.005178,M,MYAU
MYAU1,528,0.012459,0,0.004937,M,MYAU
MYAU1,529,0.012354,0.000014,0.005029,M,MYAU
MYAU1,530,0.012132,0.000034,0.004953,M,MYAU
MYAU1,531,0.012142,0,0.004752,M,MYAU
MYAU1,532,0.011997,0,0.004763,M,MYAU
MYAU1,533,0.011959,0,0.004717,M,MYAU
MYAU1,534,0.011837,0,0.004649,M,MYAU
MYAU1,535,0.011368,0,0.00451,M,MYAU
MYAU1,536,0.011208,0,0.004482,M,MYAU
MYAU1,537,0.011289,0,0.004346,M,MYAU
MYAU1,538,0.011204,0,0.004305,M,MYAU
MYAU1,539,0.010613,0,0.004168,M,MYAU
MYAU1,540,0.010862,0,0.004174,M,MYAU
MYAU1,541,0.010635,0,0.00414,M,MYAU
MYAU1,542,0.010628,0,0.004164,M,MYAU
MYAU1,543,0.010734,0.000012,0.004088,M,MYAU
MYAU1,544,0.010539,0,0.004001,M,MYAU
MYAU1,545,0.010524,0.000021,0.004043,M,MYAU
MYAU1,546,0.01031,0,0.003823,M,MYAU
MYAU1,547,0.010267,0,0.003789,M,MYAU
MYAU1,548,0.010135,0,0.003766,M,MYAU
MYAU1,549,0.009949,0,0.003698,M,MYAU
MYAU1,550,0.009698,0,0.0037,M,MYAU
MYAU1,551,0.009924,0,0.003718,M,MYAU
MYAU1,552,0.010167,0.000082,0.003791,M,MYAU
MYAU1,553,0.009963,0,0.00374,M,MYAU
MYAU1,554,0.009791,0,0.003725,M,MYAU
MYAU1,555,0.009804,0,0.003828,M,MYAU
MYAU1,556,0.009888,0.000009,0.00375,M,MYAU
MYAU1,557,0.009729,0,0.003784,M,MYAU
MYAU1,558,0.009836,0.000006,0.003757,M,MYAU
MYAU1,559,0.009714,0,0.003727,M,MYAU
MYAU1,560,0.009835,0.000018,0.003858,M,MYAU
MYAU1,561,0.009551,0,0.003732,M,MYAU
MYAU1,562,0.009821,0,0.003808,M,MYAU
MYAU1,563,0.009533,0,0.003782,M,MYAU
MYAU1,564,0.009629,0,0.003772,M,MYAU
MYAU1,565,0.009681,0,0.003764,M,MYAU
MYAU1,566,0.0096,0,0.003866,M,MYAU
MYAU1,567,0.009361,0,0.003892,M,MYAU
MYAU1,568,0.009328,0,0.003696,M,MYAU
MYAU1,569,0.009225,0,0.003696,M,MYAU
MYAU1,570,0.00897,0,0.003614,M,MYAU
MYAU1,571,0.009201,0,0.003654,M,MYAU
MYAU1,572,0.008884,0,0.0037,M,MYAU
MYAU1,573,0.008868,0.000018,0.003683,M,MYAU
MYAU1,574,0.008832,0.000029,0.003593,M,MYAU
MYAU1,575,0.00857,0,0.00355,M,MYAU
MYAU1,576,0.008569,0,0.003702,M,MYAU
MYAU1,577,0.008413,0,0.00359,M,MYAU
MYAU1,578,0.00817,0,0.003563,M,MYAU
MYAU1,579,0.008051,0,0.003489,M,MYAU
MYAU1,580,0.008049,0,0.003576,M,MYAU
MYAU1,581,0.007942,0,0.003489,M,MYAU
MYAU1,582,0.007693,0,0.003478,M,MYAU
MYAU1,583,0.007669,0,0.003434,M,MYAU
MYAU1,584,0.007684,0.000014,0.00341,M,MYAU
MYAU1,585,0.007549,0,0.00348,M,MYAU
MYAU1,586,0.007206,0.000008,0.003356,M,MYAU
MYAU1,587,0.007162,0,0.003216,M,MYAU
MYAU1,588,0.007241,0,0.003293,M,MYAU
MYAU1,589,0.007341,0,0.00326,M,MYAU
MYAU1,590,0.007126,0.000084,0.00339,M,MYAU
MYAU1,591,0.0071,0.000054,0.003277,M,MYAU
MYAU1,592,0.006843,0.000029,0.003226,M,MYAU
MYAU1,593,0.006903,0.000006,0.003266,M,MYAU
MYAU1,594,0.006831,0,0.003197,M,MYAU
MYAU1,595,0.006909,0,0.003114,M,MYAU
MYAU1,596,0.006596,0,0.003135,M,MYAU
MYAU1,597,0.006737,0,0.003126,M,MYAU
MYAU1,598,0.006578,0,0.003014,M,MYAU
MYAU1,599,0.006475,0,0.003161,M,MYAU
MYAU1,600,0.006435,0,0.003072,M,MYAU
MYAU1,601,0.006587,0.000143,0.003191,M,MYAU
MYAU1,602,0.006482,0,0.003115,M,MYAU
MYAU1,603,0.006405,0,0.002994,M,MYAU
MYAU1,604,0.006462,0,0.002971,M,MYAU
MYAU1,605,0.006217,0,0.002918,M,MYAU
MYAU1,606,0.00614,0.000008,0.00295,M,MYAU
MYAU1,607,0.006094,0,0.002991,M,MYAU
MYAU1,608,0.006039,0,0.002869,M,MYAU
MYAU1,609,0.00599,0,0.002902,M,MYAU
MYAU1,610,0.006014,0.00005,0.002829,M,MYAU
MYAU1,611,0.005938,0,0.002966,M,MYAU
MYAU1,612,0.005863,0,0.002871,M,MYAU
MYAU1,613,0.005781,0,0.002878,M,MYAU
MYAU1,614,0.005768,0,0.002764,M,MYAU
MYAU1,615,0.005711,0,0.002728,M,MYAU
MYAU1,616,0.005703,0,0.002806,M,MYAU
MYAU1,617,0.005662,0.000032,0.002621,M,MYAU
MYAU1,618,0.005614,0.000023,0.002704,M,MYAU
MYAU1,619,0.005389,0.000027,0.00261,M,MYAU
MYAU1,620,0.006339,0.000265,0.002891,M,MYAU
MYAU1,621,0.005344,0.000026,0.002537,M,MYAU
MYAU1,622,0.005009,0,0.002443,M,MYAU
MYAU1,623,0.005279,0,0.002586,M,MYAU
MYAU1,624,0.005319,0.000088,0.002505,M,MYAU
MYAU1,625,0.00486,0,0.002339,M,MYAU
MYAU1,626,0.004939,0.000062,0.002393,M,MYAU
MYAU1,627,0.004887,0,0.002549,M,MYAU
MYAU1,628,0.004826,0,0.002397,M,MYAU
MYAU1,629,0.004841,0,0.00228,M,MYAU
MYAU1,630,0.004562,0,0.002212,M,MYAU
MYAU1,631,0.00451,0,0.002095,M,MYAU
MYAU1,632,0.004358,0.000019,0.002106,M,MYAU
MYAU1,633,0.004428,0,0.002062,M,MYAU
MYAU1,634,0.004295,0.000017,0.002064,M,MYAU
MYAU1,635,0.004253,0.000012,0.002076,M,MYAU
MYAU1,636,0.004094,0,0.002082,M,MYAU
MYAU1,637,0.00409,0.000005,0.001985,M,MYAU
MYAU1,638,0.004322,0,0.002085,M,MYAU
MYAU1,639,0.004019,0,0.001991,M,MYAU
MYAU1,640,0.00405,0,0.001956,M,MYAU
MYAU1,641,0.003894,0.000006,0.002045,M,MYAU
MYAU1,642,0.003848,0,0.001961,M,MYAU
MYAU1,643,0.003742,0,0.001863,M,MYAU
MYAU1,644,0.003755,0,0.001823,M,MYAU
MYAU1,645,0.003761,0,0.001936,M,MYAU
MYAU1,646,0.003863,0,0.001798,M,MYAU
MYAU1,647,0.003539,0,0.00183,M,MYAU
MYAU1,648,0.003532,0,0.001793,M,MYAU
MYAU1,649,0.003507,0.000094,0.001925,M,MYAU
MYAU1,650,0.003283,0,0.001644,M,MYAU
MYAU1,651,0.00368,0,0.001735,M,MYAU
MYAU1,652,0.003431,0,0.001754,M,MYAU
MYAU1,653,0.00342,0,0.001686,M,MYAU
MYAU1,654,0.003262,0,0.001688,M,MYAU
MYAU1,655,0.00329,0.000021,0.001705,M,MYAU
MYAU1,656,0.003094,0,0.001453,M,MYAU
MYAU1,657,0.003068,0,0.001538,M,MYAU
MYAU1,658,0.003387,0.000018,0.001847,M,MYAU
MYAU1,659,0.003055,0,0.00162,M,MYAU
MYAU1,660,0.00311,0.000002,0.001466,M,MYAU
MYAU1,661,0.003067,0,0.0015,M,MYAU
MYAU1,662,0.003031,0,0.001559,M,MYAU
MYAU1,663,0.002984,0,0.001276,M,MYAU
MYAU1,664,0.003013,0.000012,0.001609,M,MYAU
MYAU1,665,0.003029,0.000058,0.001484,M,MYAU
MYAU1,666,0.00292,0,0.001565,M,MYAU
MYAU1,667,0.002682,0,0.001442,M,MYAU
MYAU1,668,0.002876,0,0.001387,M,MYAU
MYAU1,669,0.002702,0.00004,0.001378,M,MYAU
MYAU1,670,0.002647,0,0.001301,M,MYAU
MYAU1,671,0.002752,0.000067,0.001447,M,MYAU
MYAU1,672,0.002657,0.000134,0.001301,M,MYAU
MYAU1,673,0.002617,0,0.001242,M,MYAU
MYAU1,674,0.002346,0,0.001229,M,MYAU
MYAU1,675,0.002361,0.000022,0.00126,M,MYAU
MYAU1,676,0.002653,0,0.001429,M,MYAU
MYAU1,677,0.002373,0,0.001275,M,MYAU
MYAU1,678,0.002694,0.000103,0.001429,M,MYAU
MYAU1,679,0.002622,0.000076,0.00134,M,MYAU
MYAU1,680,0.002185,0,0.001323,M,MYAU
MYAU1,681,0.002157,0,0.001296,M,MYAU
MYAU1,682,0.002165,0,0.00125,M,MYAU
MYAU1,683,0.002217,0,0.001191,M,MYAU
MYAU1,684,0.001992,0,0.001253,M,MYAU
MYAU1,685,0.002167,0.00006,0.001262,M,MYAU
MYAU1,686,0.002172,0.000064,0.001254,M,MYAU
MYAU1,687,0.001888,0.000082,0.001168,M,MYAU
MYAU1,688,0.002192,0.000059,0.001305,M,MYAU
MYAU1,689,0.002009,0,0.001242,M,MYAU
MYAU1,690,0.00165,0,0.001055,M,MYAU
MYAU1,691,0.001975,0.000146,0.001086,M,MYAU
MYAU1,692,0.001903,0.000047,0.001211,M,MYAU
MYAU1,693,0.00235,0,0.001153,M,MYAU
MYAU1,694,0.00169,0,0.001263,M,MYAU
MYAU1,695,0.001954,0,0.001277,M,MYAU
MYAU1,696,0.001732,0,0.001041,M,MYAU
MYAU1,697,0.001674,0,0.000993,M,MYAU
MYAU1,698,0.001744,0.000016,0.000995,M,MYAU
MYAU1,699,0.00183,0.000043,0.00094,M,MYAU
MYAU1,700,0.001465,0,0.001038,M,MYAU
MYAU1,701,0.001647,0.000091,0.00091,M,MYAU
MYAU1,702,0.001464,0.000128,0.000953,M,MYAU
MYAU1,703,0.001607,0.000051,0.001119,M,MYAU
MYAU1,704,0.001584,0,0.000961,M,MYAU
MYAU1,705,0.001566,0,0.000879,M,MYAU
MYAU1,706,0.001355,0,0.00093,M,MYAU
MYAU1,707,0.001403,0,0.000835,M,MYAU
MYAU1,708,0.001725,0.000027,0.00091,M,MYAU
MYAU1,709,0.001294,0,0.000815,M,MYAU
MYAU1,710,0.001557,0.000008,0.001103,M,MYAU
MYAU1,711,0.001383,0.000018,0.000853,M,MYAU
MYAU1,712,0.001179,0,0.000662,M,MYAU
MYAU1,713,0.001443,0,0.00107,M,MYAU
MYAU1,714,0.001658,0.000117,0.001189,M,MYAU
MYAU1,715,0.001167,0.000053,0.000949,M,MYAU
MYAU1,716,0.001065,0,0.00074,M,MYAU
MYAU1,717,0.001123,0.000041,0.000882,M,MYAU
MYAU1,718,0.00165,0.000149,0.000987,M,MYAU
MYAU1,719,0.001702,0,0.001038,M,MYAU
MYAU1,720,0.001273,0,0.000779,M,MYAU
MYAU1,721,0.00128,0.000161,0.001059,M,MYAU
MYAU1,722,0.000894,0,0.000778,M,MYAU
MYAU1,723,0.001153,0,0.000896,M,MYAU
MYAU1,724,0.001333,0,0.000793,M,MYAU
MYAU1,725,0.001105,0.000108,0.000794,M,MYAU
MYAU1,726,0.001018,0,0.00085,M,MYAU
MYAU1,727,0.001093,0.000059,0.000797,M,MYAU
MYAU1,728,0.001012,0,0.000829,M,MYAU
MYAU1,729,0.000731,0,0.000706,M,MYAU
MYAU1,730,0.001369,0,0.000765,M,MYAU
MYAU1,731,0.001141,0.000164,0.000907,M,MYAU
MYAU1,732,0.001036,0.000011,0.000755,M,MYAU
MYAU1,733,0.00103,0,0.00052,M,MYAU
MYAU1,734,0.001094,0.000065,0.000802,M,MYAU
MYAU1,735,0.000863,0.000119,0.000782,M,MYAU
MYAU1,736,0.001264,0,0.000944,M,MYAU
MYAU1,737,0.000841,0,0.00087,M,MYAU
MYAU1,738,0.001365,0.000209,0.000739,M,MYAU
MYAU1,739,0.001534,0,0.000976,M,MYAU
MYAU1,740,0.000973,0,0.000849,M,MYAU
MYAU1,741,0.000781,0,0.000838,M,MYAU
MYAU1,742,0.001032,0,0.00079,M,MYAU
MYAU1,743,0.001257,0,0.000844,M,MYAU
MYAU1,744,0.000872,0,0.000793,M,MYAU
MYAU1,745,0.001083,0,0.000682,M,MYAU
MYAU1,746,0.000906,0,0.00077,M,MYAU
MYAU1,747,0.002456,0.000459,0.000998,M,MYAU
MYAU1,748,0.000884,0,0.000625,M,MYAU
MYAU1,749,0.001079,0.000036,0.000792,M,MYAU
MYAU1,750,0.000711,0,0.00074,M,MYAU
MYAU1,751,0.001033,0.000001,0.00085,M,MYAU
MYAU1,752,0.000797,0,0.000816,M,MYAU
MYAU1,753,0.00065,0,0.000693,M,MYAU
MYAU1,754,0.001148,0,0.000739,M,MYAU
MYAU1,755,0.000967,0,0.000689,M,MYAU
MYAU1,756,0.00056,0,0.000422,M,MYAU
MYAU1,757,0.001013,0,0.000518,M,MYAU
MYAU1,758,0.001026,0,0.000743,M,MYAU
MYAU1,759,0.000751,0.000031,0.000948,M,MYAU
MYAU1,760,0.000463,0,0.000594,M,MYAU
MYAU1,761,0.000641,0,0.000597,M,MYAU
MYAU1,762,0.000899,0.000065,0.001001,M,MYAU
MYAU1,763,0.000489,0,0.00082,M,MYAU
MYAU1,764,0.000934,0.000205,0.001018,M,MYAU
MYAU1,765,0.000786,0.000123,0.000706,M,MYAU
MYAU1,766,0.001444,0,0.000794,M,MYAU
MYAU1,767,0.000569,0,0.000651,M,MYAU
MYAU1,768,0.000513,0,0.000594,M,MYAU
MYAU1,769,0.000771,0.000337,0.000869,M,MYAU
MYAU1,770,0.000198,0,0.000723,M,MYAU
MYAU1,771,0.000568,0,0.000865,M,MYAU
MYAU1,772,0.000676,0,0.000477,M,MYAU
MYAU1,773,0.001047,0,0.000783,M,MYAU
MYAU1,774,0.000572,0,0.000452,M,MYAU
MYAU1,775,0.000637,0,0.000589,M,MYAU
MYAU1,776,0.000283,0,0.00063,M,MYAU
MYAU1,777,0.000736,0.000147,0.000727,M,MYAU
MYAU1,778,0.000974,0,0.001031,M,MYAU
MYAU1,779,0.000377,0,0.000852,M,MYAU
MYAU1,780,0.000749,0,0.000646,M,MYAU
MYAU1,781,0.000915,0.000296,0.000725,M,MYAU
MYAU1,782,0.000195,0,0.00069,M,MYAU
MYAU1,783,0.000401,0.000218,0.000853,M,MYAU
MYAU1,784,0.000725,0.000137,0.00056,M,MYAU
MYAU1,785,0.000521,0.000057,0.000826,M,MYAU
MYAU1,786,0.000705,0,0.000613,M,MYAU
MYAU1,787,0.00037,0.000169,0.00122,M,MYAU
MYAU1,788,0.000208,0,0.000667,M,MYAU
MYAU1,789,0.001577,0,0.00076,M,MYAU
MYAU1,790,0.00076,0.00025,0.000698,M,MYAU
MYAU1,791,0.001362,0,0.000447,M,MYAU
MYAU1,792,0.000662,0.000012,0.000887,M,MYAU
MYAU1,793,0.000746,0,0.000896,M,MYAU
MYAU1,794,0,0,0.000698,M,MYAU
MYAU1,795,0.000981,0,0.001134,M,MYAU
MYAU1,796,0.000779,0,0.00079,M,MYAU
MYAU1,797,0.000522,0,0.001135,M,MYAU
MYAU1,798,0.000838,0,0.000808,M,MYAU
MYAU1,799,0.000893,0,0.00063,M,MYAU
MYAU1,800,0.001224,0,0.000944,M,MYAU
MYAU1,801,0.000693,0,0.001044,M,MYAU
MYAU1,802,0.000932,0,0.001072,M,MYAU
MYAU1,803,0.000599,0,0.001292,M,MYAU
MYAU1,804,0.000279,0,0.000824,M,MYAU
MYAU1,805,0.000363,0,0.001372,M,MYAU
MYAU1,806,0.000143,0,0.000635,M,MYAU
MYAU1,807,0.001135,0,0.001319,M,MYAU
MYAU1,808,0.000724,0.000165,0.001663,M,MYAU
MYAU1,809,0.000676,0,0.001473,M,MYAU
MYAU1,810,0.000661,0.000099,0.001524,M,MYAU
MYAU1,811,0.000723,0,0.001575,M,MYAU
MYAU1,812,0.00055,0,0.001982,M,MYAU
MYAU1,813,0.001275,0.000292,0.00239,M,MYAU
MYAU1,814,0.001296,0,0.002614,M,MYAU
MYAU1,815,0.000528,0,0.002369,M,MYAU
MYAU1,816,0.001367,0.000197,0.00267,M,MYAU
MYAU1,817,0.001375,0.000175,0.002835,M,MYAU
MYAU1,818,0.001024,0,0.002631,M,MYAU
MYAU1,819,0.001024,0,0.00304,M,MYAU
MYAU1,820,0.00078,0,0.0039,M,MYAU
MYAU1,821,0.001363,0.000344,0.004344,M,MYAU
MYAU1,822,0.001601,0,0.004501,M,MYAU
MYAU1,823,0.001936,0.000375,0.00468,M,MYAU
MYAU1,824,0.002381,0,0.005413,M,MYAU
MYAU1,825,0.002176,0,0.005787,M,MYAU
MYAU1,826,0.001642,0,0.006229,M,MYAU
MYAU1,827,0.002498,0.000248,0.006741,M,MYAU
MYAU1,828,0.002503,0.000054,0.007485,M,MYAU
MYAU1,829,0.002445,0.000086,0.008286,M,MYAU
MYAU1,830,0.002685,0,0.008536,M,MYAU
MYAU1,831,0.002261,0,0.009142,M,MYAU
MYAU1,832,0.002072,0,0.008837,M,MYAU
MYAU1,833,0.003437,0,0.010128,M,MYAU
MYAU1,834,0.003902,0.000365,0.010738,M,MYAU
MYAU1,835,0.003287,0,0.010998,M,MYAU
MYAU1,836,0.00328,0,0.01197,M,MYAU
MYAU1,837,0.002521,0,0.011799,M,MYAU
MYAU1,838,0.00368,0,0.011978,M,MYAU
MYAU1,839,0.004803,0,0.012752,M,MYAU
MYAU1,840,0.003202,0,0.013496,M,MYAU
MYAU1,841,0.003836,0.000197,0.013421,M,MYAU
MYAU1,842,0.003743,0,0.013775,M,MYAU
MYAU1,843,0.004097,0,0.015032,M,MYAU
MYAU1,844,0.003476,0,0.014403,M,MYAU
MYAU1,845,0.004441,0.00047,0.015996,M,MYAU
MYAU1,846,0.004044,0,0.015842,M,MYAU
MYAU1,847,0.003916,0.000038,0.01535,M,MYAU
MYAU1,848,0.004393,0.000605,0.016295,M,MYAU
MYAU1,849,0.003973,0,0.016579,M,MYAU
MYAU1,850,0.004394,0,0.015944,M,MYAU
MYAU1,851,0.004746,0,0.017529,M,MYAU
MYAU1,852,0.005277,0,0.017658,M,MYAU
MYAU1,853,0.004661,0,0.016985,M,MYAU
MYAU1,854,0.005865,0.000044,0.017795,M,MYAU
MYAU1,855,0.004787,0,0.017103,M,MYAU
MYAU1,856,0.003953,0,0.017176,M,MYAU
MYAU1,857,0.004483,0.00052,0.017909,M,MYAU
MYAU1,858,0.004837,0,0.017842,M,MYAU
MYAU1,859,0.005701,0,0.018628,M,MYAU
MYAU1,860,0.005151,0,0.019379,M,MYAU
MYAU1,861,0.005431,0.000169,0.019249,M,MYAU
MYAU1,862,0.005234,0,0.018427,M,MYAU
MYAU1,863,0.005435,0,0.019508,M,MYAU
MYAU1,864,0.004117,0,0.018304,M,MYAU
MYAU1,865,0.005989,0,0.018594,M,MYAU
MYAU1,866,0.004517,0,0.018549,M,MYAU
MYAU1,867,0.005969,0.000392,0.020548,M,MYAU
MYAU1,868,0.004141,0,0.020245,M,MYAU
MYAU1,869,0.005213,0,0.019086,M,MYAU
MYAU1,870,0.005959,0.000099,0.02148,M,MYAU
MYAU1,871,0.007171,0.000239,0.022135,M,MYAU
MYAU1,872,0.006015,0,0.022571,M,MYAU
MYAU1,873,0.004862,0,0.0209,M,MYAU
MYAU1,874,0.005605,0.000675,0.02233,M,MYAU
MYAU1,875,0.005329,0,0.021893,M,MYAU
MYAU1,876,0.005077,0,0.023354,M,MYAU
MYAU1,877,0.007812,0.000893,0.024587,M,MYAU
MYAU1,878,0.005717,0,0.023952,M,MYAU
MYAU1,879,0.006849,0,0.024788,M,MYAU
MYAU1,880,0.007301,0.000217,0.024806,M,MYAU
MYAU1,881,0.00635,0.000102,0.024376,M,MYAU
MYAU1,882,0.007221,0,0.025063,M,MYAU
MYAU1,883,0.006639,0.000705,0.025044,M,MYAU
MYAU1,884,0.006524,0.000039,0.0257,M,MYAU
MYAU1,885,0.007069,0.000129,0.026726,M,MYAU
MYAU1,886,0.005246,0,0.02465,M,MYAU
MYAU1,887,0.007314,0,0.026835,M,MYAU
MYAU1,888,0.006124,0.00002,0.026222,M,MYAU
MYAU1,889,0.006724,0.000395,0.02613,M,MYAU
MYAU1,890,0.008672,0,0.026248,M,MYAU
MYAU1,891,0.008321,0.000691,0.025926,M,MYAU
MYAU1,892,0.005962,0,0.025039,M,MYAU
MYAU1,893,0.006855,0.000898,0.026415,M,MYAU
MYAU1,894,0.006454,0.000077,0.025438,M,MYAU
MYAU1,895,0.006665,0,0.024685,M,MYAU
MYAU1,896,0.00672,0,0.025097,M,MYAU
MYAU1,897,0.006819,0,0.025731,M,MYAU
MYAU1,898,0.00728,0.00076,0.026925,M,MYAU
MYAU1,899,0.006944,0.000188,0.027114,M,MYAU
MYAU1,900,0.007939,0.00035,0.028595,M,MYAU
MYAU1,901,0.008026,0.000707,0.027235,M,MYAU
MYAU1,902,0.006152,0,0.027365,M,MYAU
MYAU1,903,0.008408,0.000115,0.028588,M,MYAU
MYAU1,904,0.007118,0,0.029207,M,MYAU
MYAU1,905,0.00762,0,0.029772,M,MYAU
MYAU1,906,0.007387,0,0.029294,M,MYAU
MYAU1,907,0.007957,0.000587,0.03165,M,MYAU
MYAU1,908,0.009373,0,0.030389,M,MYAU
MYAU1,909,0.008403,0.000121,0.031321,M,MYAU
MYAU1,910,0.008142,0,0.032043,M,MYAU
MYAU1,911,0.00811,0.000118,0.03175,M,MYAU
MYAU1,912,0.009128,0,0.032738,M,MYAU
MYAU1,913,0.009322,0,0.033652,M,MYAU
MYAU1,914,0.008042,0,0.033795,M,MYAU
MYAU1,915,0.008692,0,0.033516,M,MYAU
MYAU1,916,0.011334,0.000844,0.034678,M,MYAU
MYAU1,917,0.011038,0.000109,0.035976,M,MYAU
MYAU1,918,0.008989,0,0.035909,M,MYAU
MYAU1,919,0.010981,0,0.03689,M,MYAU
MYAU1,920,0.010169,0.000195,0.035995,M,MYAU
MYAU1,921,0.010125,0,0.037992,M,MYAU
MYAU1,922,0.008951,0.000111,0.037188,M,MYAU
MYAU1,923,0.00943,0,0.037622,M,MYAU
MYAU1,924,0.009234,0,0.038808,M,MYAU
MYAU1,925,0.01111,0.000059,0.039369,M,MYAU
MYAU1,926,0.010863,0.00003,0.039387,M,MYAU
MYAU1,927,0.010552,0,0.041103,M,MYAU
MYAU1,928,0.01047,0,0.040617,M,MYAU
MYAU1,929,0.01263,0.000897,0.043547,M,MYAU
MYAU1,930,0.010275,0,0.040821,M,MYAU
MYAU1,931,0.010016,0,0.041636,M,MYAU
MYAU1,932,0.010467,0,0.041993,M,MYAU
MYAU1,933,0.010614,0,0.044887,M,MYAU
MYAU1,934,0.013606,0,0.043229,M,MYAU
MYAU1,935,0.011107,0,0.046927,M,MYAU
MYAU1,936,0.012141,0.000416,0.049271,M,MYAU
MYAU1,937,0.014749,0.000244,0.050587,M,MYAU
MYAU1,938,0.01224,0,0.051808,M,MYAU
MYAU1,939,0.014499,0,0.052331,M,MYAU
MYAU1,940,0.014583,0.001228,0.055243,M,MYAU
MYAU1,941,0.015068,0,0.057387,M,MYAU
MYAU1,942,0.019574,0.000204,0.059416,M,MYAU
MYAU1,943,0.015774,0,0.05797,M,MYAU
MYAU1,944,0.014271,0,0.061132,M,MYAU
MYAU1,945,0.012867,0,0.058477,M,MYAU
MYAU1,946,0.015007,0,0.06134,M,MYAU
MYAU1,947,0.016951,0,0.058957,M,MYAU
MYAU1,948,0.015291,0.000377,0.057081,M,MYAU
MYAU1,949,0.014604,0,0.059397,M,MYAU
MYAU1,950,0.016626,0,0.05397,M,MYAU
MYAU1,951,0.021285,0.00054,0.058316,M,MYAU
MYAU1,952,0.015113,0.001186,0.058206,M,MYAU
MYAU1,953,0.014114,0,0.05519,M,MYAU
MYAU1,954,0.014569,0,0.054093,M,MYAU
MYAU1,955,0.018567,0.0001,0.057768,M,MYAU
MYAU1,956,0.011795,0,0.050638,M,MYAU
MYAU1,957,0.014682,0,0.053725,M,MYAU
MYAU1,958,0.024231,0,0.054887,M,MYAU
MYAU1,959,0.015703,0,0.048209,M,MYAU
MYAU1,960,0.013496,0,0.053841,M,MYAU
MYAU1,961,0.014337,0,0.051056,M,MYAU
MYAU1,962,0.012174,0.000246,0.051799,M,MYAU
MYAU1,963,0.011172,0,0.046164,M,MYAU
MYAU1,964,0.011978,0,0.050288,M,MYAU
MYAU1,965,0.009904,0,0.048732,M,MYAU
MYAU1,966,0.011235,0,0.048733,M,MYAU
MYAU1,967,0.010541,0,0.049878,M,MYAU
MYAU1,968,0.014652,0,0.052069,M,MYAU
MYAU1,969,0.015789,0.00011,0.049733,M,MYAU
MYAU1,970,0.013729,0.001911,0.049362,M,MYAU
MYAU1,971,0.01698,0.002505,0.050513,M,MYAU
MYAU1,972,0.011613,0,0.048672,M,MYAU
MYAU1,973,0.015087,0,0.051832,M,MYAU
MYAU1,974,0.013363,0,0.050232,M,MYAU
MYAU1,975,0.010034,0,0.046256,M,MYAU
MYAU1,976,0.008687,0,0.045514,M,MYAU
MYAU1,977,0.007536,0,0.046115,M,MYAU
MYAU1,978,0.014536,0.001552,0.050177,M,MYAU
MYAU1,979,0.011727,0,0.0459,M,MYAU
MYAU1,980,0.017031,0,0.047329,M,MYAU
MYAU1,981,0.015146,0.001634,0.046352,M,MYAU
MYAU1,982,0.014014,0.00249,0.044844,M,MYAU
MYAU1,983,0.009737,0,0.041629,M,MYAU
MYAU1,984,0.011854,0.000356,0.046551,M,MYAU
MYAU1,985,0.013726,0.001564,0.047485,M,MYAU
MYAU1,986,0.015837,0,0.043605,M,MYAU
MYAU1,987,0.010844,0,0.045016,M,MYAU
MYAU1,988,0.01388,0.000418,0.046453,M,MYAU
MYAU1,989,0.016046,0,0.046546,M,MYAU
MYAU1,990,0.010917,0,0.043276,M,MYAU
MYAU1,991,0.011777,0.003016,0.043995,M,MYAU
MYAU1,992,0.013723,0,0.038856,M,MYAU
MYAU1,993,0.01224,0,0.040501,M,MYAU
MYAU1,994,0.009412,0,0.041593,M,MYAU
MYAU1,995,0.010795,0,0.043015,M,MYAU
MYAU1,996,0.009846,0.000756,0.044967,M,MYAU
MYAU1,997,0.005628,0,0.03742,M,MYAU
MYAU1,998,0.008254,0.00127,0.042103,M,MYAU
MYAU1,999,0.010685,0,0.038124,M,MYAU
MYAU1,1000,0.01233,0,0.041761,M,MYAU
MYAU1,1001,0.012701,0.001473,0.039091,M,MYAU
MYAU1,1002,0.010605,0,0.043529,M,MYAU
MYAU1,1003,0.01167,0.001025,0.037672,M,MYAU
MYAU1,1004,0.009827,0.001219,0.036771,M,MYAU
MYAU1,1005,0.015028,0,0.038753,M,MYAU
MYAU1,1006,0.009877,0,0.035562,M,MYAU
MYAU1,1007,0.007927,0,0.041685,M,MYAU
MYAU1,1008,0.003271,0,0.04178,M,MYAU
MYAU1,1009,0.013112,0,0.036542,M,MYAU
MYAU1,1010,0.010827,0,0.035328,M,MYAU
MYAU1,1011,0.011219,0,0.040368,M,MYAU
MYAU1,1012,0.009705,0.002191,0.040948,M,MYAU
MYAU1,1013,0.008591,0,0.035759,M,MYAU
MYAU1,1014,0.010439,0,0.038245,M,MYAU
MYAU1,1015,0.012119,0,0.036142,M,MYAU
MYAU1,1016,0.007325,0,0.032963,M,MYAU
MYAU1,1017,0.013135,0,0.033225,M,MYAU
MYAU1,1018,0.014234,0,0.03392,M,MYAU
MYAU1,1019,0.012183,0,0.033347,M,MYAU
MYAU1,1020,0.009367,0,0.029726,M,MYAU
MYAU1,1021,0.007901,0,0.026432,M,MYAU
MYAU1,1022,0.005351,0,0.030668,M,MYAU
MYAU1,1023,0.012831,0.002845,0.029232,M,MYAU
MYAU1,1024,0.005921,0.000651,0.031185,M,MYAU
MYAU1,1025,0.013232,0.002139,0.034627,M,MYAU
MYAU1,1026,0.005934,0.003087,0.035605,M,MYAU
MYAU1,1027,0.009513,0.000321,0.027362,M,MYAU
MYAU1,1028,0.012899,0.005196,0.031175,M,MYAU
MYAU1,1029,0.003086,0,0.029882,M,MYAU
MYAU1,1030,0.005878,0,0.031607,M,MYAU
MYAU1,1031,0.002531,0,0.021336,M,MYAU
MYAU1,1032,0.013038,0,0.031072,M,MYAU
MYAU1,1033,0.00332,0.00069,0.035184,M,MYAU
MYAU1,1034,0,0,0.030411,M,MYAU
MYAU1,1035,0.012299,0.003482,0.031607,M,MYAU
MYAU1,1036,0.008385,0.000599,0.035336,M,MYAU
MYAU1,1037,0.02934,0.000978,0.03614,M,MYAU
MYAU1,1038,0.020118,0,0.037684,M,MYAU
MYAU1,1039,0.022464,0,0.035881,M,MYAU
MYAU1,1040,0.021136,0,0.02937,M,MYAU
MYAU1,1041,0.002223,0,0.031389,M,MYAU
MYAU1,1042,0.009648,0.005335,0.041828,M,MYAU
MYAU1,1043,0.000902,0,0.025495,M,MYAU
MYAU1,1044,0.015626,0.007515,0.037931,M,MYAU
MYAU1,1045,0.010462,0,0.032639,M,MYAU
MYAU1,1046,0.004246,0,0.031717,M,MYAU
MYAU1,1047,0.001942,0,0.015159,M,MYAU
MYAU1,1048,0.012257,0,0.040814,M,MYAU
MYAU1,1049,0.013956,0.016773,0.045733,M,MYAU
MYAU1,1050,0,0,0,M,MYAU
