ID,Wavelength,Value ,Dark,Reference,Sex,Species
TABR7,250,0.000206,0.000051,0.000971,F,TABR
TABR7,251,0.000138,0,0.001157,F,TABR
TABR7,252,0.000545,0.000121,0.001256,F,TABR
TABR7,253,0.000272,0,0.001465,F,TABR
TABR7,254,0.000237,0,0.001274,F,TABR
TABR7,255,0.000129,0,0.00102,F,TABR
TABR7,256,0.000154,0,0.001204,F,TABR
TABR7,257,0.000138,0.00001,0.001128,F,TABR
TABR7,258,0.00026,0.00001,0.001482,F,TABR
TABR7,259,0.00034,0.000195,0.00124,F,TABR
TABR7,260,0.000313,0.000094,0.001338,F,TABR
TABR7,261,0.000626,0.000007,0.001418,F,TABR
TABR7,262,0.000392,0.000053,0.001613,F,TABR
TABR7,263,0.000355,0.000013,0.002033,F,TABR
TABR7,264,0.000228,0,0.001475,F,TABR
TABR7,265,0.00035,0,0.002026,F,TABR
TABR7,266,0.000317,0.000123,0.001793,F,TABR
TABR7,267,0.000372,0.000074,0.001985,F,TABR
TABR7,268,0.000411,0,0.002205,F,TABR
TABR7,269,0.000354,0,0.001991,F,TABR
TABR7,270,0.000374,0,0.002408,F,TABR
TABR7,271,0.000774,0.000113,0.002477,F,TABR
TABR7,272,0.000419,0.000052,0.002337,F,TABR
TABR7,273,0.000435,0,0.00222,F,TABR
TABR7,274,0.000867,0.00029,0.002483,F,TABR
TABR7,275,0.001024,0.000123,0.002973,F,TABR
TABR7,276,0.000718,0,0.003159,F,TABR
TABR7,277,0.000656,0.0001,0.002996,F,TABR
TABR7,278,0.000414,0,0.002704,F,TABR
TABR7,279,0.000579,0,0.002662,F,TABR
TABR7,280,0.00066,0,0.002567,F,TABR
TABR7,281,0.00062,0,0.002968,F,TABR
TABR7,282,0.000276,0,0.00288,F,TABR
TABR7,283,0.000599,0.000013,0.003016,F,TABR
TABR7,284,0.000269,0,0.003045,F,TABR
TABR7,285,0.000237,0,0.003362,F,TABR
TABR7,286,0.000409,0,0.003001,F,TABR
TABR7,287,0.00069,0.000112,0.003281,F,TABR
TABR7,288,0.000649,0,0.003338,F,TABR
TABR7,289,0.000774,0.000056,0.003024,F,TABR
TABR7,290,0.000892,0,0.00375,F,TABR
TABR7,291,0.000691,0.000077,0.003494,F,TABR
TABR7,292,0.00059,0,0.003528,F,TABR
TABR7,293,0.000722,0.000112,0.003329,F,TABR
TABR7,294,0.001473,0.000311,0.003781,F,TABR
TABR7,295,0.000665,0.000113,0.003472,F,TABR
TABR7,296,0.000668,0,0.003707,F,TABR
TABR7,297,0.000829,0.000001,0.004306,F,TABR
TABR7,298,0.000995,0.000071,0.004214,F,TABR
TABR7,299,0.000613,0,0.004185,F,TABR
TABR7,300,0.001447,0,0.004569,F,TABR
TABR7,301,0.000564,0,0.00359,F,TABR
TABR7,302,0.000735,0.000001,0.004184,F,TABR
TABR7,303,0.001076,0.000173,0.004071,F,TABR
TABR7,304,0.001233,0,0.004315,F,TABR
TABR7,305,0.001764,0.000326,0.004541,F,TABR
TABR7,306,0.000876,0.000119,0.004274,F,TABR
TABR7,307,0.001188,0.000165,0.004375,F,TABR
TABR7,308,0.002062,0.000264,0.005196,F,TABR
TABR7,309,0.001441,0.000058,0.004333,F,TABR
TABR7,310,0.000869,0,0.004566,F,TABR
TABR7,311,0.001021,0,0.0044,F,TABR
TABR7,312,0.00081,0,0.004361,F,TABR
TABR7,313,0.000777,0,0.004089,F,TABR
TABR7,314,0.000972,0,0.004526,F,TABR
TABR7,315,0.001117,0,0.004479,F,TABR
TABR7,316,0.000778,0,0.004412,F,TABR
TABR7,317,0.00093,0.000136,0.004331,F,TABR
TABR7,318,0.001209,0,0.004758,F,TABR
TABR7,319,0.000925,0,0.004159,F,TABR
TABR7,320,0.00055,0.000054,0.004078,F,TABR
TABR7,321,0.000822,0,0.004555,F,TABR
TABR7,322,0.000902,0,0.004525,F,TABR
TABR7,323,0.001061,0,0.004469,F,TABR
TABR7,324,0.001099,0.000132,0.004598,F,TABR
TABR7,325,0.000882,0,0.004575,F,TABR
TABR7,326,0.000818,0.000067,0.004605,F,TABR
TABR7,327,0.000636,0.000017,0.004197,F,TABR
TABR7,328,0.000985,0.000051,0.004538,F,TABR
TABR7,329,0.000756,0,0.004517,F,TABR
TABR7,330,0.00117,0.000062,0.004657,F,TABR
TABR7,331,0.000853,0.000123,0.004851,F,TABR
TABR7,332,0.000977,0,0.004153,F,TABR
TABR7,333,0.001282,0.000014,0.005049,F,TABR
TABR7,334,0.001416,0.000021,0.004854,F,TABR
TABR7,335,0.001358,0.000257,0.00512,F,TABR
TABR7,336,0.000878,0,0.004735,F,TABR
TABR7,337,0.000663,0,0.004722,F,TABR
TABR7,338,0.001276,0.000023,0.005031,F,TABR
TABR7,339,0.000889,0,0.005051,F,TABR
TABR7,340,0.001344,0.000127,0.005354,F,TABR
TABR7,341,0.000895,0,0.005351,F,TABR
TABR7,342,0.001093,0.000103,0.005433,F,TABR
TABR7,343,0.001034,0.00001,0.005367,F,TABR
TABR7,344,0.001121,0.000183,0.005483,F,TABR
TABR7,345,0.00091,0.000011,0.005457,F,TABR
TABR7,346,0.001011,0,0.006051,F,TABR
TABR7,347,0.001278,0.000107,0.006128,F,TABR
TABR7,348,0.001006,0,0.005964,F,TABR
TABR7,349,0.001208,0.000023,0.006313,F,TABR
TABR7,350,0.000871,0,0.006047,F,TABR
TABR7,351,0.000766,0,0.005947,F,TABR
TABR7,352,0.001198,0,0.006708,F,TABR
TABR7,353,0.001167,0.000011,0.007286,F,TABR
TABR7,354,0.001352,0,0.00742,F,TABR
TABR7,355,0.001369,0,0.007197,F,TABR
TABR7,356,0.001297,0.000039,0.007659,F,TABR
TABR7,357,0.001337,0,0.007711,F,TABR
TABR7,358,0.00148,0,0.007864,F,TABR
TABR7,359,0.001378,0,0.007925,F,TABR
TABR7,360,0.001615,0,0.008387,F,TABR
TABR7,361,0.00174,0.000142,0.008884,F,TABR
TABR7,362,0.001608,0,0.009054,F,TABR
TABR7,363,0.001699,0,0.009771,F,TABR
TABR7,364,0.001727,0.000108,0.009579,F,TABR
TABR7,365,0.001866,0.000176,0.00997,F,TABR
TABR7,366,0.002052,0,0.010691,F,TABR
TABR7,367,0.002211,0.000054,0.011094,F,TABR
TABR7,368,0.002323,0,0.012032,F,TABR
TABR7,369,0.001972,0,0.012308,F,TABR
TABR7,370,0.002264,0,0.013866,F,TABR
TABR7,371,0.00243,0,0.014421,F,TABR
TABR7,372,0.002536,0.000024,0.014945,F,TABR
TABR7,373,0.002947,0,0.016839,F,TABR
TABR7,374,0.003354,0,0.018826,F,TABR
TABR7,375,0.00344,0,0.020361,F,TABR
TABR7,376,0.003978,0.000063,0.022426,F,TABR
TABR7,377,0.004748,0.000059,0.026034,F,TABR
TABR7,378,0.004759,0.000018,0.027666,F,TABR
TABR7,379,0.005406,0,0.032575,F,TABR
TABR7,380,0.006548,0,0.038577,F,TABR
TABR7,381,0.007136,0,0.042773,F,TABR
TABR7,382,0.009224,0,0.052848,F,TABR
TABR7,383,0.011337,0,0.064246,F,TABR
TABR7,384,0.013984,0,0.081417,F,TABR
TABR7,385,0.015162,0,0.088561,F,TABR
TABR7,386,0.020123,0.000018,0.118091,F,TABR
TABR7,387,0.02535,0,0.137004,F,TABR
TABR7,388,0.029679,0,0.16413,F,TABR
TABR7,389,0.038767,0.000052,0.196677,F,TABR
TABR7,390,0.052402,0,0.25583,F,TABR
TABR7,391,0.06133,0,0.285539,F,TABR
TABR7,392,0.079623,0,0.304829,F,TABR
TABR7,393,0.108602,0.000149,0.32014,F,TABR
TABR7,394,0.117997,0,0.317319,F,TABR
TABR7,395,0.157537,0,0.314838,F,TABR
TABR7,396,0.202757,0,0.306618,F,TABR
TABR7,397,0.235344,0.000072,0.307868,F,TABR
TABR7,398,0.264387,0,0.307493,F,TABR
TABR7,399,0.289644,0,0.307199,F,TABR
TABR7,400,0.294219,0,0.30378,F,TABR
TABR7,401,0.308125,0,0.308656,F,TABR
TABR7,402,0.299678,0.000101,0.299968,F,TABR
TABR7,403,0.297496,0.000018,0.297861,F,TABR
TABR7,404,0.295412,0.000041,0.295756,F,TABR
TABR7,405,0.296155,0.000241,0.296434,F,TABR
TABR7,406,0.294649,0,0.295064,F,TABR
TABR7,407,0.295409,0,0.295724,F,TABR
TABR7,408,0.295541,0.000006,0.295914,F,TABR
TABR7,409,0.29749,0,0.297939,F,TABR
TABR7,410,0.293727,0.00004,0.29412,F,TABR
TABR7,411,0.293225,0,0.29371,F,TABR
TABR7,412,0.291185,0.00013,0.29165,F,TABR
TABR7,413,0.293242,0.00005,0.293505,F,TABR
TABR7,414,0.290412,0.000067,0.290775,F,TABR
TABR7,415,0.290734,0,0.291275,F,TABR
TABR7,416,0.292294,0,0.292751,F,TABR
TABR7,417,0.289403,0,0.289716,F,TABR
TABR7,418,0.290419,0,0.290791,F,TABR
TABR7,419,0.289071,0,0.28951,F,TABR
TABR7,420,0.289472,0,0.289943,F,TABR
TABR7,421,0.288475,0,0.288949,F,TABR
TABR7,422,0.290332,0,0.290763,F,TABR
TABR7,423,0.288556,0.000094,0.288893,F,TABR
TABR7,424,0.288204,0.000051,0.290659,F,TABR
TABR7,425,0.290292,0,0.290705,F,TABR
TABR7,426,0.287968,0.00004,0.288354,F,TABR
TABR7,427,0.288776,0.000078,0.289158,F,TABR
TABR7,428,0.289116,0,0.289586,F,TABR
TABR7,429,0.286679,0,0.287145,F,TABR
TABR7,430,0.287685,0.000034,0.287982,F,TABR
TABR7,431,0.286266,0.000084,0.286561,F,TABR
TABR7,432,0.261837,0,0.286721,F,TABR
TABR7,433,0.282991,0.000051,0.283457,F,TABR
TABR7,434,0.267675,0,0.283237,F,TABR
TABR7,435,0.252726,0,0.281373,F,TABR
TABR7,436,0.247531,0,0.280033,F,TABR
TABR7,437,0.205262,0.000038,0.279493,F,TABR
TABR7,438,0.191666,0,0.27881,F,TABR
TABR7,439,0.17876,0,0.275426,F,TABR
TABR7,440,0.183576,0.00002,0.274417,F,TABR
TABR7,441,0.152197,0.000005,0.270786,F,TABR
TABR7,442,0.12802,0,0.27272,F,TABR
TABR7,443,0.129131,0,0.270135,F,TABR
TABR7,444,0.111622,0,0.266601,F,TABR
TABR7,445,0.100661,0.000022,0.265234,F,TABR
TABR7,446,0.090566,0,0.257255,F,TABR
TABR7,447,0.084578,0,0.257764,F,TABR
TABR7,448,0.073613,0.000068,0.223991,F,TABR
TABR7,449,0.069729,0.000025,0.213058,F,TABR
TABR7,450,0.066195,0,0.213587,F,TABR
TABR7,451,0.056776,0,0.165411,F,TABR
TABR7,452,0.057056,0,0.182078,F,TABR
TABR7,453,0.055052,0,0.164105,F,TABR
TABR7,454,0.052622,0,0.159009,F,TABR
TABR7,455,0.049946,0,0.141125,F,TABR
TABR7,456,0.048755,0,0.138602,F,TABR
TABR7,457,0.04272,0.000109,0.110936,F,TABR
TABR7,458,0.042814,0.000125,0.110494,F,TABR
TABR7,459,0.041805,0,0.103478,F,TABR
TABR7,460,0.03871,0,0.092258,F,TABR
TABR7,461,0.036448,0,0.08275,F,TABR
TABR7,462,0.035503,0.000012,0.07489,F,TABR
TABR7,463,0.03551,0.000062,0.073131,F,TABR
TABR7,464,0.034501,0,0.068412,F,TABR
TABR7,465,0.033092,0,0.061922,F,TABR
TABR7,466,0.032491,0.000078,0.059676,F,TABR
TABR7,467,0.032091,0.000017,0.055193,F,TABR
TABR7,468,0.030963,0,0.050709,F,TABR
TABR7,469,0.030485,0,0.047998,F,TABR
TABR7,470,0.029644,0,0.044136,F,TABR
TABR7,471,0.029864,0.000003,0.041035,F,TABR
TABR7,472,0.029062,0,0.036889,F,TABR
TABR7,473,0.029187,0.00004,0.036148,F,TABR
TABR7,474,0.028579,0.000004,0.032774,F,TABR
TABR7,475,0.02864,0.000072,0.030307,F,TABR
TABR7,476,0.029198,0,0.029361,F,TABR
TABR7,477,0.027603,0,0.02604,F,TABR
TABR7,478,0.028035,0.000073,0.023903,F,TABR
TABR7,479,0.027871,0,0.023459,F,TABR
TABR7,480,0.027782,0.000026,0.021239,F,TABR
TABR7,481,0.027859,0,0.020014,F,TABR
TABR7,482,0.027029,0,0.018482,F,TABR
TABR7,483,0.026819,0,0.017924,F,TABR
TABR7,484,0.027065,0.000013,0.016698,F,TABR
TABR7,485,0.026467,0,0.015277,F,TABR
TABR7,486,0.025957,0,0.014904,F,TABR
TABR7,487,0.025947,0,0.013915,F,TABR
TABR7,488,0.025372,0,0.013275,F,TABR
TABR7,489,0.025131,0,0.012763,F,TABR
TABR7,490,0.025124,0.000022,0.012039,F,TABR
TABR7,491,0.024652,0.000026,0.01157,F,TABR
TABR7,492,0.02395,0.000005,0.01092,F,TABR
TABR7,493,0.023938,0,0.010593,F,TABR
TABR7,494,0.023193,0,0.00998,F,TABR
TABR7,495,0.022642,0,0.009522,F,TABR
TABR7,496,0.023005,0,0.009482,F,TABR
TABR7,497,0.022338,0.00005,0.009102,F,TABR
TABR7,498,0.021741,0,0.008813,F,TABR
TABR7,499,0.02139,0.000111,0.008279,F,TABR
TABR7,500,0.021413,0,0.008303,F,TABR
TABR7,501,0.021127,0,0.008021,F,TABR
TABR7,502,0.021469,0.000027,0.008003,F,TABR
TABR7,503,0.021067,0,0.007818,F,TABR
TABR7,504,0.020759,0,0.007688,F,TABR
TABR7,505,0.02077,0.000007,0.007376,F,TABR
TABR7,506,0.020953,0,0.007454,F,TABR
TABR7,507,0.020547,0,0.007169,F,TABR
TABR7,508,0.020664,0.000026,0.007022,F,TABR
TABR7,509,0.020836,0,0.00698,F,TABR
TABR7,510,0.020859,0.000009,0.006885,F,TABR
TABR7,511,0.021174,0.000027,0.00721,F,TABR
TABR7,512,0.020836,0,0.006903,F,TABR
TABR7,513,0.020769,0,0.006617,F,TABR
TABR7,514,0.020426,0,0.006536,F,TABR
TABR7,515,0.020647,0,0.006361,F,TABR
TABR7,516,0.020936,0.000009,0.006443,F,TABR
TABR7,517,0.020836,0,0.006325,F,TABR
TABR7,518,0.020836,0,0.006145,F,TABR
TABR7,519,0.02099,0,0.006239,F,TABR
TABR7,520,0.02089,0,0.006096,F,TABR
TABR7,521,0.020895,0,0.005979,F,TABR
TABR7,522,0.020999,0,0.005853,F,TABR
TABR7,523,0.020854,0.000005,0.005916,F,TABR
TABR7,524,0.020993,0,0.005814,F,TABR
TABR7,525,0.02085,0,0.005812,F,TABR
TABR7,526,0.020648,0.000027,0.005584,F,TABR
TABR7,527,0.020346,0.000012,0.005582,F,TABR
TABR7,528,0.0202,0,0.005405,F,TABR
TABR7,529,0.019926,0.000001,0.00539,F,TABR
TABR7,530,0.019947,0.000018,0.005472,F,TABR
TABR7,531,0.019652,0.000107,0.00545,F,TABR
TABR7,532,0.019435,0,0.005279,F,TABR
TABR7,533,0.019284,0,0.005155,F,TABR
TABR7,534,0.01924,0,0.00515,F,TABR
TABR7,535,0.018501,0.000022,0.004974,F,TABR
TABR7,536,0.018173,0,0.004928,F,TABR
TABR7,537,0.018271,0.000025,0.004872,F,TABR
TABR7,538,0.017972,0,0.004748,F,TABR
TABR7,539,0.017443,0,0.004735,F,TABR
TABR7,540,0.017419,0.000063,0.004696,F,TABR
TABR7,541,0.017252,0,0.004467,F,TABR
TABR7,542,0.017106,0.000035,0.004446,F,TABR
TABR7,543,0.017316,0,0.004396,F,TABR
TABR7,544,0.016827,0.00007,0.004399,F,TABR
TABR7,545,0.016962,0,0.004402,F,TABR
TABR7,546,0.016746,0,0.004248,F,TABR
TABR7,547,0.016586,0.000024,0.004339,F,TABR
TABR7,548,0.016524,0.000095,0.004229,F,TABR
TABR7,549,0.016274,0.000004,0.004176,F,TABR
TABR7,550,0.016156,0.000048,0.004126,F,TABR
TABR7,551,0.016248,0.000018,0.004099,F,TABR
TABR7,552,0.01605,0.000025,0.004138,F,TABR
TABR7,553,0.016152,0,0.004034,F,TABR
TABR7,554,0.016106,0.000048,0.004085,F,TABR
TABR7,555,0.016094,0.000048,0.00418,F,TABR
TABR7,556,0.016025,0,0.004106,F,TABR
TABR7,557,0.015821,0.000014,0.004089,F,TABR
TABR7,558,0.016081,0.00003,0.004231,F,TABR
TABR7,559,0.015775,0.00001,0.004162,F,TABR
TABR7,560,0.015851,0,0.004125,F,TABR
TABR7,561,0.015763,0.000006,0.004244,F,TABR
TABR7,562,0.015934,0.000003,0.004239,F,TABR
TABR7,563,0.015758,0,0.004233,F,TABR
TABR7,564,0.015636,0,0.004156,F,TABR
TABR7,565,0.015706,0.000042,0.004226,F,TABR
TABR7,566,0.015634,0,0.004262,F,TABR
TABR7,567,0.015208,0.000028,0.004228,F,TABR
TABR7,568,0.01517,0,0.004206,F,TABR
TABR7,569,0.014828,0.000042,0.004091,F,TABR
TABR7,570,0.014698,0,0.004098,F,TABR
TABR7,571,0.014788,0,0.004135,F,TABR
TABR7,572,0.014607,0.000023,0.00404,F,TABR
TABR7,573,0.014499,0.000022,0.0042,F,TABR
TABR7,574,0.013955,0,0.004039,F,TABR
TABR7,575,0.014143,0.00003,0.004117,F,TABR
TABR7,576,0.013955,0,0.004122,F,TABR
TABR7,577,0.013693,0,0.003977,F,TABR
TABR7,578,0.013397,0,0.003988,F,TABR
TABR7,579,0.01279,0,0.003929,F,TABR
TABR7,580,0.013265,0.000021,0.004054,F,TABR
TABR7,581,0.012805,0.00002,0.003943,F,TABR
TABR7,582,0.01257,0,0.003774,F,TABR
TABR7,583,0.0124,0,0.003796,F,TABR
TABR7,584,0.012406,0.000004,0.003874,F,TABR
TABR7,585,0.012049,0,0.003793,F,TABR
TABR7,586,0.011866,0,0.003771,F,TABR
TABR7,587,0.011841,0.000022,0.003776,F,TABR
TABR7,588,0.011903,0.000038,0.003664,F,TABR
TABR7,589,0.011703,0,0.003664,F,TABR
TABR7,590,0.011801,0,0.003701,F,TABR
TABR7,591,0.011614,0.000055,0.003699,F,TABR
TABR7,592,0.011351,0.00002,0.003559,F,TABR
TABR7,593,0.011149,0,0.00362,F,TABR
TABR7,594,0.011165,0,0.003548,F,TABR
TABR7,595,0.011108,0.000036,0.003639,F,TABR
TABR7,596,0.011027,0,0.003794,F,TABR
TABR7,597,0.010985,0.000082,0.00365,F,TABR
TABR7,598,0.010678,0.000083,0.003554,F,TABR
TABR7,599,0.010523,0,0.003565,F,TABR
TABR7,600,0.010384,0,0.003513,F,TABR
TABR7,601,0.01054,0.000011,0.003553,F,TABR
TABR7,602,0.010487,0,0.003452,F,TABR
TABR7,603,0.010392,0.000037,0.003507,F,TABR
TABR7,604,0.010546,0.000076,0.003427,F,TABR
TABR7,605,0.010045,0,0.003299,F,TABR
TABR7,606,0.009937,0.000025,0.003376,F,TABR
TABR7,607,0.009845,0,0.00328,F,TABR
TABR7,608,0.009776,0,0.003415,F,TABR
TABR7,609,0.009782,0.000082,0.003311,F,TABR
TABR7,610,0.009696,0,0.003341,F,TABR
TABR7,611,0.009844,0.000045,0.003354,F,TABR
TABR7,612,0.009531,0.000056,0.003304,F,TABR
TABR7,613,0.009632,0,0.003311,F,TABR
TABR7,614,0.009341,0.000036,0.003156,F,TABR
TABR7,615,0.009259,0,0.003235,F,TABR
TABR7,616,0.00907,0,0.003058,F,TABR
TABR7,617,0.009257,0.000013,0.003165,F,TABR
TABR7,618,0.008934,0,0.003075,F,TABR
TABR7,619,0.008791,0.000014,0.00294,F,TABR
TABR7,620,0.010526,0.000277,0.003402,F,TABR
TABR7,621,0.008642,0.000036,0.002916,F,TABR
TABR7,622,0.008463,0,0.002826,F,TABR
TABR7,623,0.008396,0.00008,0.002883,F,TABR
TABR7,624,0.008329,0,0.002794,F,TABR
TABR7,625,0.008165,0.000018,0.0029,F,TABR
TABR7,626,0.008084,0.000005,0.002725,F,TABR
TABR7,627,0.007704,0,0.002745,F,TABR
TABR7,628,0.007888,0.000035,0.002591,F,TABR
TABR7,629,0.007796,0,0.002646,F,TABR
TABR7,630,0.007575,0,0.002597,F,TABR
TABR7,631,0.00728,0,0.002675,F,TABR
TABR7,632,0.007042,0,0.002707,F,TABR
TABR7,633,0.007101,0,0.002586,F,TABR
TABR7,634,0.007039,0.000022,0.002445,F,TABR
TABR7,635,0.007017,0.000138,0.002504,F,TABR
TABR7,636,0.006857,0,0.002254,F,TABR
TABR7,637,0.006617,0.000049,0.00241,F,TABR
TABR7,638,0.006717,0.000054,0.002398,F,TABR
TABR7,639,0.006314,0.000024,0.002592,F,TABR
TABR7,640,0.006493,0,0.002213,F,TABR
TABR7,641,0.00626,0,0.002383,F,TABR
TABR7,642,0.006165,0,0.002261,F,TABR
TABR7,643,0.006127,0,0.002191,F,TABR
TABR7,644,0.005915,0,0.002157,F,TABR
TABR7,645,0.005892,0.000022,0.002141,F,TABR
TABR7,646,0.006334,0,0.002482,F,TABR
TABR7,647,0.00572,0.000052,0.002253,F,TABR
TABR7,648,0.005874,0.000069,0.002221,F,TABR
TABR7,649,0.005696,0,0.00217,F,TABR
TABR7,650,0.005415,0,0.00204,F,TABR
TABR7,651,0.005828,0.000048,0.001995,F,TABR
TABR7,652,0.005479,0,0.001821,F,TABR
TABR7,653,0.005535,0.000056,0.001985,F,TABR
TABR7,654,0.005254,0,0.002086,F,TABR
TABR7,655,0.005327,0.000004,0.001948,F,TABR
TABR7,656,0.005041,0,0.001993,F,TABR
TABR7,657,0.005139,0.000026,0.001914,F,TABR
TABR7,658,0.005303,0,0.002017,F,TABR
TABR7,659,0.004911,0.000031,0.001888,F,TABR
TABR7,660,0.005121,0,0.002324,F,TABR
TABR7,661,0.004738,0,0.001856,F,TABR
TABR7,662,0.004846,0,0.001969,F,TABR
TABR7,663,0.004792,0,0.001873,F,TABR
TABR7,664,0.004973,0,0.001713,F,TABR
TABR7,665,0.004688,0.000015,0.00166,F,TABR
TABR7,666,0.004616,0.000068,0.00166,F,TABR
TABR7,667,0.004339,0.000058,0.001706,F,TABR
TABR7,668,0.004454,0.000023,0.001756,F,TABR
TABR7,669,0.004476,0.000073,0.001821,F,TABR
TABR7,670,0.004359,0,0.001814,F,TABR
TABR7,671,0.004474,0.000005,0.001686,F,TABR
TABR7,672,0.004322,0.000042,0.00172,F,TABR
TABR7,673,0.004377,0.000208,0.001822,F,TABR
TABR7,674,0.004053,0,0.001572,F,TABR
TABR7,675,0.004046,0,0.001507,F,TABR
TABR7,676,0.004067,0,0.001819,F,TABR
TABR7,677,0.00392,0,0.001688,F,TABR
TABR7,678,0.004252,0.000116,0.001884,F,TABR
TABR7,679,0.003937,0.000013,0.001627,F,TABR
TABR7,680,0.003576,0.000116,0.001433,F,TABR
TABR7,681,0.00341,0,0.0015,F,TABR
TABR7,682,0.00351,0,0.001455,F,TABR
TABR7,683,0.003516,0.000027,0.001503,F,TABR
TABR7,684,0.003423,0,0.001539,F,TABR
TABR7,685,0.003471,0.000047,0.001573,F,TABR
TABR7,686,0.003301,0,0.001567,F,TABR
TABR7,687,0.003131,0,0.001421,F,TABR
TABR7,688,0.003565,0,0.001624,F,TABR
TABR7,689,0.003275,0,0.00149,F,TABR
TABR7,690,0.002818,0.000055,0.001319,F,TABR
TABR7,691,0.003312,0.000046,0.001679,F,TABR
TABR7,692,0.00292,0,0.001613,F,TABR
TABR7,693,0.0034,0,0.001751,F,TABR
TABR7,694,0.002842,0,0.001417,F,TABR
TABR7,695,0.002807,0,0.00148,F,TABR
TABR7,696,0.002881,0.000205,0.001226,F,TABR
TABR7,697,0.002805,0.000014,0.001231,F,TABR
TABR7,698,0.002909,0.000007,0.001412,F,TABR
TABR7,699,0.002799,0.000031,0.001383,F,TABR
TABR7,700,0.00257,0,0.001237,F,TABR
TABR7,701,0.002661,0,0.001395,F,TABR
TABR7,702,0.002615,0,0.001318,F,TABR
TABR7,703,0.002454,0,0.001259,F,TABR
TABR7,704,0.002418,0.000161,0.001269,F,TABR
TABR7,705,0.002401,0.000019,0.001145,F,TABR
TABR7,706,0.002212,0.000004,0.001073,F,TABR
TABR7,707,0.002433,0,0.001391,F,TABR
TABR7,708,0.002906,0.000296,0.001573,F,TABR
TABR7,709,0.002397,0,0.001284,F,TABR
TABR7,710,0.002662,0,0.00141,F,TABR
TABR7,711,0.002329,0.000097,0.001131,F,TABR
TABR7,712,0.002314,0,0.000773,F,TABR
TABR7,713,0.002411,0.000016,0.001168,F,TABR
TABR7,714,0.003006,0.000173,0.001445,F,TABR
TABR7,715,0.002007,0,0.001263,F,TABR
TABR7,716,0.001938,0,0.001213,F,TABR
TABR7,717,0.001932,0,0.001229,F,TABR
TABR7,718,0.002489,0.000072,0.001209,F,TABR
TABR7,719,0.003172,0.000329,0.001223,F,TABR
TABR7,720,0.002348,0,0.001352,F,TABR
TABR7,721,0.001675,0,0.001147,F,TABR
TABR7,722,0.001691,0,0.001018,F,TABR
TABR7,723,0.001741,0,0.001083,F,TABR
TABR7,724,0.002074,0.000114,0.001241,F,TABR
TABR7,725,0.001944,0.000099,0.001004,F,TABR
TABR7,726,0.001798,0.000028,0.001204,F,TABR
TABR7,727,0.001634,0,0.001162,F,TABR
TABR7,728,0.001857,0.000069,0.001069,F,TABR
TABR7,729,0.00172,0.000186,0.000971,F,TABR
TABR7,730,0.002119,0.000075,0.000964,F,TABR
TABR7,731,0.00165,0,0.001033,F,TABR
TABR7,732,0.001636,0,0.00131,F,TABR
TABR7,733,0.001455,0,0.001146,F,TABR
TABR7,734,0.001812,0.00015,0.00106,F,TABR
TABR7,735,0.001452,0,0.0009,F,TABR
TABR7,736,0.00202,0.000081,0.000799,F,TABR
TABR7,737,0.001421,0,0.000947,F,TABR
TABR7,738,0.002045,0.000068,0.001044,F,TABR
TABR7,739,0.001857,0,0.001165,F,TABR
TABR7,740,0.001295,0,0.001271,F,TABR
TABR7,741,0.001526,0,0.00107,F,TABR
TABR7,742,0.001748,0,0.001202,F,TABR
TABR7,743,0.001842,0.000016,0.001009,F,TABR
TABR7,744,0.001358,0,0.000819,F,TABR
TABR7,745,0.00145,0,0.001007,F,TABR
TABR7,746,0.001165,0,0.001061,F,TABR
TABR7,747,0.003801,0.000508,0.002098,F,TABR
TABR7,748,0.001207,0,0.000937,F,TABR
TABR7,749,0.001805,0,0.00132,F,TABR
TABR7,750,0.001538,0.000127,0.001046,F,TABR
TABR7,751,0.001758,0,0.000927,F,TABR
TABR7,752,0.001296,0.000067,0.000786,F,TABR
TABR7,753,0.001309,0,0.000809,F,TABR
TABR7,754,0.001945,0.000057,0.001182,F,TABR
TABR7,755,0.001283,0,0.001242,F,TABR
TABR7,756,0.001352,0.000185,0.001153,F,TABR
TABR7,757,0.001651,0,0.001269,F,TABR
TABR7,758,0.001571,0.000068,0.001305,F,TABR
TABR7,759,0.001038,0,0.000785,F,TABR
TABR7,760,0.00105,0,0.000772,F,TABR
TABR7,761,0.00128,0.000109,0.001117,F,TABR
TABR7,762,0.001267,0.000098,0.000953,F,TABR
TABR7,763,0.001038,0.000216,0.000725,F,TABR
TABR7,764,0.001383,0.000114,0.000441,F,TABR
TABR7,765,0.001497,0.000032,0.001387,F,TABR
TABR7,766,0.001934,0.000081,0.001251,F,TABR
TABR7,767,0.001053,0.000008,0.001154,F,TABR
TABR7,768,0.000387,0,0.001085,F,TABR
TABR7,769,0.000728,0,0.000911,F,TABR
TABR7,770,0.000902,0,0.00107,F,TABR
TABR7,771,0.001211,0.000272,0.000598,F,TABR
TABR7,772,0.001325,0.000026,0.000968,F,TABR
TABR7,773,0.000959,0,0.001377,F,TABR
TABR7,774,0.000944,0.00007,0.001415,F,TABR
TABR7,775,0.001426,0.000156,0.001326,F,TABR
TABR7,776,0.000476,0.000057,0.000993,F,TABR
TABR7,777,0.001213,0,0.001283,F,TABR
TABR7,778,0.00135,0.000232,0.001247,F,TABR
TABR7,779,0.001232,0.000054,0.001071,F,TABR
TABR7,780,0.001228,0,0.001507,F,TABR
TABR7,781,0.000476,0.00015,0.001156,F,TABR
TABR7,782,0.001055,0,0.001281,F,TABR
TABR7,783,0.00067,0,0.000909,F,TABR
TABR7,784,0.000738,0,0.001426,F,TABR
TABR7,785,0.001108,0,0.00133,F,TABR
TABR7,786,0.000583,0,0.000858,F,TABR
TABR7,787,0.000719,0,0.000735,F,TABR
TABR7,788,0.000533,0,0.000757,F,TABR
TABR7,789,0.000878,0,0.001234,F,TABR
TABR7,790,0.000991,0.000182,0.001007,F,TABR
TABR7,791,0.002862,0.000513,0.001456,F,TABR
TABR7,792,0.000832,0,0.001145,F,TABR
TABR7,793,0.000994,0,0.001378,F,TABR
TABR7,794,0.0004,0.000017,0.001134,F,TABR
TABR7,795,0.001276,0.000117,0.00137,F,TABR
TABR7,796,0.000958,0.00006,0.001607,F,TABR
TABR7,797,0.00057,0.000143,0.001518,F,TABR
TABR7,798,0.001711,0.000367,0.001537,F,TABR
TABR7,799,0.000861,0.000068,0.001523,F,TABR
TABR7,800,0.001787,0.000194,0.002025,F,TABR
TABR7,801,0.001134,0.000362,0.001833,F,TABR
TABR7,802,0.000466,0.000152,0.001663,F,TABR
TABR7,803,0.000691,0.000002,0.00131,F,TABR
TABR7,804,0.000509,0,0.001496,F,TABR
TABR7,805,0.000184,0,0.001533,F,TABR
TABR7,806,0.00046,0.000011,0.001968,F,TABR
TABR7,807,0.001507,0.000272,0.002007,F,TABR
TABR7,808,0.000849,0,0.002008,F,TABR
TABR7,809,0.00127,0,0.002008,F,TABR
TABR7,810,0.000311,0,0.001803,F,TABR
TABR7,811,0.001643,0.00054,0.00199,F,TABR
TABR7,812,0.001165,0.000293,0.002602,F,TABR
TABR7,813,0.002136,0.000249,0.00193,F,TABR
TABR7,814,0.001591,0,0.002208,F,TABR
TABR7,815,0.000807,0.000506,0.003385,F,TABR
TABR7,816,0.001059,0.000044,0.003305,F,TABR
TABR7,817,0.00106,0,0.004022,F,TABR
TABR7,818,0.001204,0,0.00365,F,TABR
TABR7,819,0.000896,0,0.003882,F,TABR
TABR7,820,0.000911,0,0.004282,F,TABR
TABR7,821,0.000683,0,0.004578,F,TABR
TABR7,822,0.001164,0,0.004495,F,TABR
TABR7,823,0.000984,0,0.006165,F,TABR
TABR7,824,0.002746,0.000324,0.006457,F,TABR
TABR7,825,0.001819,0.00017,0.006942,F,TABR
TABR7,826,0.001676,0,0.007279,F,TABR
TABR7,827,0.00204,0.000023,0.008542,F,TABR
TABR7,828,0.002011,0,0.007765,F,TABR
TABR7,829,0.002189,0,0.009288,F,TABR
TABR7,830,0.003001,0,0.009956,F,TABR
TABR7,831,0.001354,0,0.010581,F,TABR
TABR7,832,0.00228,0,0.01085,F,TABR
TABR7,833,0.003175,0,0.012092,F,TABR
TABR7,834,0.003706,0,0.013728,F,TABR
TABR7,835,0.003721,0.000205,0.013464,F,TABR
TABR7,836,0.002932,0.000145,0.01343,F,TABR
TABR7,837,0.003089,0,0.013891,F,TABR
TABR7,838,0.003705,0,0.014965,F,TABR
TABR7,839,0.0064,0.000282,0.01619,F,TABR
TABR7,840,0.002024,0,0.015097,F,TABR
TABR7,841,0.004003,0,0.016915,F,TABR
TABR7,842,0.003241,0,0.016651,F,TABR
TABR7,843,0.003784,0,0.017343,F,TABR
TABR7,844,0.002962,0.00019,0.017569,F,TABR
TABR7,845,0.003504,0,0.017735,F,TABR
TABR7,846,0.003955,0.000137,0.018943,F,TABR
TABR7,847,0.00405,0,0.018736,F,TABR
TABR7,848,0.002762,0,0.018872,F,TABR
TABR7,849,0.002537,0,0.018846,F,TABR
TABR7,850,0.004563,0,0.019451,F,TABR
TABR7,851,0.003922,0,0.019595,F,TABR
TABR7,852,0.004228,0,0.020096,F,TABR
TABR7,853,0.003585,0,0.021394,F,TABR
TABR7,854,0.0055,0,0.021327,F,TABR
TABR7,855,0.003913,0,0.021423,F,TABR
TABR7,856,0.004166,0.000112,0.020605,F,TABR
TABR7,857,0.004585,0.000215,0.021932,F,TABR
TABR7,858,0.004229,0,0.02165,F,TABR
TABR7,859,0.00489,0,0.022112,F,TABR
TABR7,860,0.004183,0,0.023473,F,TABR
TABR7,861,0.004859,0.000016,0.022815,F,TABR
TABR7,862,0.004154,0,0.023174,F,TABR
TABR7,863,0.005138,0,0.022137,F,TABR
TABR7,864,0.00433,0.00004,0.022489,F,TABR
TABR7,865,0.007439,0.000533,0.023014,F,TABR
TABR7,866,0.005253,0.000354,0.024069,F,TABR
TABR7,867,0.004848,0,0.023164,F,TABR
TABR7,868,0.004644,0.000013,0.024069,F,TABR
TABR7,869,0.005931,0.000922,0.024524,F,TABR
TABR7,870,0.005427,0.000635,0.024756,F,TABR
TABR7,871,0.005887,0.000126,0.025372,F,TABR
TABR7,872,0.005308,0.000009,0.026917,F,TABR
TABR7,873,0.004933,0,0.026812,F,TABR
TABR7,874,0.005128,0,0.026147,F,TABR
TABR7,875,0.004074,0,0.026316,F,TABR
TABR7,876,0.004924,0,0.026493,F,TABR
TABR7,877,0.009043,0,0.02876,F,TABR
TABR7,878,0.005176,0,0.029527,F,TABR
TABR7,879,0.004662,0,0.028985,F,TABR
TABR7,880,0.008798,0.00027,0.03124,F,TABR
TABR7,881,0.00558,0,0.028662,F,TABR
TABR7,882,0.006159,0.000083,0.029857,F,TABR
TABR7,883,0.005518,0,0.030406,F,TABR
TABR7,884,0.004859,0,0.029976,F,TABR
TABR7,885,0.004615,0,0.030173,F,TABR
TABR7,886,0.005325,0,0.030048,F,TABR
TABR7,887,0.005498,0,0.03137,F,TABR
TABR7,888,0.006159,0.000015,0.031197,F,TABR
TABR7,889,0.005657,0,0.030623,F,TABR
TABR7,890,0.007935,0.000073,0.032506,F,TABR
TABR7,891,0.006925,0.000396,0.031652,F,TABR
TABR7,892,0.004986,0,0.029522,F,TABR
TABR7,893,0.00493,0,0.031244,F,TABR
TABR7,894,0.005445,0.000043,0.030294,F,TABR
TABR7,895,0.006195,0,0.029724,F,TABR
TABR7,896,0.006156,0,0.030713,F,TABR
TABR7,897,0.005298,0,0.030555,F,TABR
TABR7,898,0.005702,0,0.032401,F,TABR
TABR7,899,0.006046,0,0.032182,F,TABR
TABR7,900,0.006204,0.00013,0.032389,F,TABR
TABR7,901,0.009195,0.00062,0.032175,F,TABR
TABR7,902,0.006886,0,0.033368,F,TABR
TABR7,903,0.007548,0,0.035068,F,TABR
TABR7,904,0.006624,0,0.034891,F,TABR
TABR7,905,0.006534,0,0.034976,F,TABR
TABR7,906,0.005091,0,0.036018,F,TABR
TABR7,907,0.008322,0,0.037432,F,TABR
TABR7,908,0.009255,0,0.037967,F,TABR
TABR7,909,0.008615,0,0.035396,F,TABR
TABR7,910,0.007897,0.000193,0.038774,F,TABR
TABR7,911,0.007071,0.000201,0.038319,F,TABR
TABR7,912,0.007788,0.000048,0.037106,F,TABR
TABR7,913,0.009407,0,0.039579,F,TABR
TABR7,914,0.007055,0.00036,0.039663,F,TABR
TABR7,915,0.008616,0,0.041259,F,TABR
TABR7,916,0.008329,0,0.040847,F,TABR
TABR7,917,0.010852,0,0.042933,F,TABR
TABR7,918,0.009676,0.000837,0.043681,F,TABR
TABR7,919,0.007897,0,0.043913,F,TABR
TABR7,920,0.007835,0,0.041455,F,TABR
TABR7,921,0.008215,0,0.042973,F,TABR
TABR7,922,0.007714,0,0.043395,F,TABR
TABR7,923,0.007933,0,0.045717,F,TABR
TABR7,924,0.00969,0.001111,0.045598,F,TABR
TABR7,925,0.009156,0,0.046498,F,TABR
TABR7,926,0.011402,0.001646,0.046464,F,TABR
TABR7,927,0.009056,0.000737,0.047235,F,TABR
TABR7,928,0.008993,0,0.048216,F,TABR
TABR7,929,0.00997,0.000296,0.052722,F,TABR
TABR7,930,0.008944,0,0.048689,F,TABR
TABR7,931,0.009967,0,0.049182,F,TABR
TABR7,932,0.00665,0,0.051114,F,TABR
TABR7,933,0.009721,0.000595,0.05391,F,TABR
TABR7,934,0.013571,0.002019,0.053244,F,TABR
TABR7,935,0.008855,0,0.053829,F,TABR
TABR7,936,0.009032,0,0.057066,F,TABR
TABR7,937,0.010613,0,0.058489,F,TABR
TABR7,938,0.010604,0,0.059028,F,TABR
TABR7,939,0.016203,0.00123,0.067196,F,TABR
TABR7,940,0.009557,0,0.067876,F,TABR
TABR7,941,0.016754,0.001271,0.069427,F,TABR
TABR7,942,0.01465,0.000264,0.06743,F,TABR
TABR7,943,0.012217,0,0.071034,F,TABR
TABR7,944,0.012827,0.001968,0.068068,F,TABR
TABR7,945,0.01293,0,0.070031,F,TABR
TABR7,946,0.011096,0.001465,0.07208,F,TABR
TABR7,947,0.012288,0,0.069191,F,TABR
TABR7,948,0.014663,0.000565,0.071769,F,TABR
TABR7,949,0.011967,0,0.069041,F,TABR
TABR7,950,0.017649,0,0.06875,F,TABR
TABR7,951,0.018334,0,0.067244,F,TABR
TABR7,952,0.011568,0,0.062583,F,TABR
TABR7,953,0.012171,0,0.065356,F,TABR
TABR7,954,0.011404,0,0.060021,F,TABR
TABR7,955,0.018053,0.003259,0.06455,F,TABR
TABR7,956,0.009084,0,0.06147,F,TABR
TABR7,957,0.012356,0,0.063817,F,TABR
TABR7,958,0.032086,0.005496,0.067398,F,TABR
TABR7,959,0.01499,0.000113,0.063399,F,TABR
TABR7,960,0.017368,0.000077,0.06349,F,TABR
TABR7,961,0.009254,0,0.060709,F,TABR
TABR7,962,0.012627,0,0.056025,F,TABR
TABR7,963,0.012216,0,0.057297,F,TABR
TABR7,964,0.008921,0.000849,0.055695,F,TABR
TABR7,965,0.011815,0.000388,0.059933,F,TABR
TABR7,966,0.012874,0,0.060523,F,TABR
TABR7,967,0.011811,0,0.057033,F,TABR
TABR7,968,0.013217,0.000149,0.057594,F,TABR
TABR7,969,0.019216,0.001707,0.058323,F,TABR
TABR7,970,0.012473,0.000433,0.059128,F,TABR
TABR7,971,0.015471,0,0.058469,F,TABR
TABR7,972,0.012343,0.001203,0.055789,F,TABR
TABR7,973,0.013626,0,0.057981,F,TABR
TABR7,974,0.01323,0,0.055651,F,TABR
TABR7,975,0.009671,0,0.058662,F,TABR
TABR7,976,0.01122,0.001614,0.055845,F,TABR
TABR7,977,0.011684,0.000637,0.053993,F,TABR
TABR7,978,0.010757,0.000737,0.05405,F,TABR
TABR7,979,0.013288,0.000504,0.052205,F,TABR
TABR7,980,0.016823,0,0.060531,F,TABR
TABR7,981,0.008774,0.001225,0.056416,F,TABR
TABR7,982,0.013091,0,0.056814,F,TABR
TABR7,983,0.013115,0,0.053005,F,TABR
TABR7,984,0.010701,0,0.051282,F,TABR
TABR7,985,0.011797,0,0.053288,F,TABR
TABR7,986,0.012899,0,0.048568,F,TABR
TABR7,987,0.00771,0,0.049069,F,TABR
TABR7,988,0.010428,0,0.047071,F,TABR
TABR7,989,0.010386,0,0.050667,F,TABR
TABR7,990,0.009983,0,0.054362,F,TABR
TABR7,991,0.009372,0.002729,0.047412,F,TABR
TABR7,992,0.015434,0.001089,0.054776,F,TABR
TABR7,993,0.0122,0.0024,0.054061,F,TABR
TABR7,994,0.01049,0,0.04883,F,TABR
TABR7,995,0.012103,0.002167,0.050088,F,TABR
TABR7,996,0.008691,0,0.046962,F,TABR
TABR7,997,0.01349,0,0.04032,F,TABR
TABR7,998,0.010575,0,0.05189,F,TABR
TABR7,999,0.014022,0,0.053849,F,TABR
TABR7,1000,0.014635,0,0.052869,F,TABR
TABR7,1001,0.012171,0.002232,0.047788,F,TABR
TABR7,1002,0.006128,0.00165,0.0477,F,TABR
TABR7,1003,0.019239,0.002295,0.047047,F,TABR
TABR7,1004,0.012639,0,0.048166,F,TABR
TABR7,1005,0.012511,0.000254,0.047653,F,TABR
TABR7,1006,0.005957,0,0.042695,F,TABR
TABR7,1007,0.00337,0,0.045513,F,TABR
TABR7,1008,0.011838,0.003521,0.046022,F,TABR
TABR7,1009,0.021009,0.004409,0.049453,F,TABR
TABR7,1010,0.036218,0.02284,0.053244,F,TABR
TABR7,1011,0.005563,0,0.043352,F,TABR
TABR7,1012,0.014213,0,0.051279,F,TABR
TABR7,1013,0.01677,0,0.048439,F,TABR
TABR7,1014,0.016772,0.001724,0.052885,F,TABR
TABR7,1015,0.008263,0,0.04569,F,TABR
TABR7,1016,0.016524,0.002612,0.043297,F,TABR
TABR7,1017,0.010779,0,0.041399,F,TABR
TABR7,1018,0.015225,0,0.038077,F,TABR
TABR7,1019,0.003907,0,0.032695,F,TABR
TABR7,1020,0.007549,0.001543,0.034768,F,TABR
TABR7,1021,0.012693,0,0.037499,F,TABR
TABR7,1022,0.015513,0.003109,0.0356,F,TABR
TABR7,1023,0.003752,0,0.033741,F,TABR
TABR7,1024,0.011253,0,0.036331,F,TABR
TABR7,1025,0.018762,0,0.043843,F,TABR
TABR7,1026,0.007203,0.00909,0.03509,F,TABR
TABR7,1027,0,0,0.040296,F,TABR
TABR7,1028,0.004869,0.000073,0.040477,F,TABR
TABR7,1029,0.010763,0.005683,0.036769,F,TABR
TABR7,1030,0.00397,0.00144,0.033203,F,TABR
TABR7,1031,0.010688,0,0.039297,F,TABR
TABR7,1032,0.006816,0,0.035306,F,TABR
TABR7,1033,0.000992,0,0.041091,F,TABR
TABR7,1034,0,0,0.029776,F,TABR
TABR7,1035,0.007823,0.005833,0.04897,F,TABR
TABR7,1036,0.013453,0.000461,0.035106,F,TABR
TABR7,1037,0.008104,0.000699,0.059845,F,TABR
TABR7,1038,0.01526,0,0.049951,F,TABR
TABR7,1039,0.030647,0,0.052551,F,TABR
TABR7,1040,0.021398,0.000524,0.04804,F,TABR
TABR7,1041,0,0.000163,0.042231,F,TABR
TABR7,1042,0.009819,0,0.038366,F,TABR
TABR7,1043,0,0,0.028766,F,TABR
TABR7,1044,0.001133,0,0.048785,F,TABR
TABR7,1045,0.005262,0.003007,0.025998,F,TABR
TABR7,1046,0,0,0.039397,F,TABR
TABR7,1047,0.01804,0,0.041906,F,TABR
TABR7,1048,0.023616,0.001348,0.046782,F,TABR
TABR7,1049,0.013628,0.008059,0.043898,F,TABR
TABR7,1050,0,0,0,F,TABR
